Count,Primary Distribution Line  Segment ID,From_Bus_ID,To_Bus_ID,Phasing,Configuration,System Grounding Type,Length         (meters),Conductor Type,Conductor Size,Unit (C) ,Strands (C) ,Neutral Wire Type,Neutral Wire Size,Unit (NW),Strands (NW),Spacing D12 (meters),Spacing D23 (meters),Spacing D13 (meters),Spacing D1n (meters),Spacing D2n (meters),Spacing D3n (meters),Spacing DC1-C2       (meters),Height H1   (meters),Height H2   (meters),Height H3   (meters),Height Hn   (meters),Earth Resistivity (Ohm-meter)
1,DXTUNGF2AC001,P00000000,P00000001,ABCN,Triangular,Multi-grounded,80,ACSR,4/0,AWG,06-Jan,ACSR,2,AWG,06-Jan,1.382606235,1.382606235,2.61,1.475161008,1.15,1.475161008,0,8.69,9.15,8.69,8,100
2,DXTUNGF2AC007,P00000001,P00000001-7,ABCN,Triangular,Multi-grounded,610,ACSR,336.4,MCM,26-Jul,ACSR,2,AWG,06-Jan,1.382606235,1.382606235,2.61,1.475161008,1.15,1.475161008,0,8.69,9.15,8.69,8,100
3,DXTUNGF2AC07A,P00000001-7,P00000001-7A,ABCN,Triangular,Multi-grounded,2,ACSR,336.4,MCM,26-Jul,ACSR,2,AWG,06-Jan,1.382606235,1.382606235,2.61,1.475161008,1.15,1.475161008,0,8.69,9.15,8.69,8,100
4,DXTUNGF2AC009,P00000001-7,P00000001-9,ABCN,Triangular,Multi-grounded,96,ACSR,336.4,MCM,26-Jul,ACSR,2,AWG,06-Jan,1.382606235,1.382606235,2.61,1.475161008,1.15,1.475161008,0,8.69,9.15,8.69,8,100
5,DXTUNGF2AC017,P00000001-9,P00000001-17,ABCN,Triangular,Multi-grounded,736,ACSR,336.4,MCM,26-Jul,ACSR,2,AWG,06-Jan,1.382606235,1.382606235,2.61,1.475161008,1.15,1.475161008,0,8.69,9.15,8.69,8,100
6,DXTUNGF2AC019,P00000001-17,P00000001-19,ABCN,Triangular,Multi-grounded,166,ACSR,336.4,MCM,26-Jul,ACSR,2,AWG,06-Jan,1.382606235,1.382606235,2.61,1.475161008,1.15,1.475161008,0,8.69,9.15,8.69,8,100
7,DXTUNGF2AA000019-10,P00000001-19,P00000001-19-10,CN,Vertical,Multi-grounded,573,ACSR,2,AWG,06-Jan,ACSR,2,AWG,06-Jan,0,0,0,1.07,0,0,0,7.62195122,0,0,6.554878049,100
8,DXTUNGF2AA000019-38,P00000001-19-10,P00000001-19-38,CN,Vertical,Multi-grounded,1929,ACSR,2,AWG,06-Jan,ACSR,2,AWG,06-Jan,0,0,0,1.07,0,0,0,7.62195122,0,0,6.554878049,100
9,DXTUNGF2AC024,P00000001-19,P00000001-24,ABCN,Triangular,Multi-grounded,393,ACSR,336.4,MCM,26-Jul,ACSR,2,AWG,06-Jan,1.382606235,1.382606235,2.61,1.475161008,1.15,1.475161008,0,8.69,9.15,8.69,8,100
10,DXTUNGAF1C009,P00000001,P0000000009,ABCN,Triangular,Multi-grounded,516,ACSR,336.4,MCM,26-Jul,ACSR,2,AWG,06-Jan,1.382606235,1.382606235,2.61,1.475161008,1.15,1.475161008,0,8.69,9.15,8.69,8,100
11,DXTUNGAF1C013,P0000000009,P0000000013,ABCN,Triangular,Multi-grounded,298,ACSR,336.4,MCM,26-Jul,ACSR,2,AWG,06-Jan,1.382606235,1.382606235,2.61,1.475161008,1.15,1.475161008,0,8.69,9.15,8.69,8,100
12,DXTUNGAF1C015,P0000000013,P0000000015,ABCN,Triangular,Multi-grounded,183,ACSR,336.4,MCM,26-Jul,ACSR,2,AWG,06-Jan,1.382606235,1.382606235,2.61,1.475161008,1.15,1.475161008,0,8.69,9.15,8.69,8,100
13,DXTUNGAF1C016,P0000000015,P0000000016,ABCN,Triangular,Multi-grounded,83,ACSR,336.4,MCM,26-Jul,ACSR,2,AWG,06-Jan,1.382606235,1.382606235,2.61,1.475161008,1.15,1.475161008,0,8.69,9.15,8.69,8,100
14,DXTUNGAF1A0016-13,P0000000016,P0000000016-13,BN,Vertical,Multi-grounded,888,ACSR,2,AWG,06-Jan,ACSR,2,AWG,06-Jan,0,0,0,1.07,0,0,0,7.62195122,0,0,6.554878049,100
15,DXTUNGAF1C025,P0000000016,P0000000025,ABCN,Triangular,Multi-grounded,725,ACSR,336.4,MCM,26-Jul,ACSR,2,AWG,06-Jan,1.382606235,1.382606235,2.61,1.475161008,1.15,1.475161008,0,8.69,9.15,8.69,8,100
16,DXTUNGAF1C034,P0000000025,P0000000034,ABCN,Triangular,Multi-grounded,733,ACSR,336.4,MCM,26-Jul,ACSR,2,AWG,06-Jan,1.382606235,1.382606235,2.61,1.475161008,1.15,1.475161008,0,8.69,9.15,8.69,8,100
17,DXTUNGAF1C034A,P0000000034,P000000034A,ABCN,Triangular,Multi-grounded,2,ACSR,336.4,MCM,26-Jul,ACSR,2,AWG,06-Jan,1.382606235,1.382606235,2.61,1.475161008,1.15,1.475161008,0,8.69,9.15,8.69,8,100
18,DXTUNGAF1C034A,P0000000034,P0000000034-7,BN,Vertical,Multi-grounded,611,ACSR,2,AWG,06-Jan,ACSR,2,AWG,06-Jan,0,0,0,1.07,0,0,0,7.62195122,0,0,6.554878049,100
19,DXTUNGAF1A0034-7A,P0000000034-7,P0000000034-7A,BN,Vertical,Multi-grounded,38,ACSR,2,AWG,06-Jan,ACSR,2,AWG,06-Jan,0,0,0,1.07,0,0,0,7.62195122,0,0,6.554878049,100
20,DXTUNGAF1A0034-9,P0000000034-7,P0000000034-9,BN,Vertical,Multi-grounded,70,ACSR,2,AWG,06-Jan,ACSR,2,AWG,06-Jan,0,0,0,1.07,0,0,0,7.62195122,0,0,6.554878049,100
21,DXTUNGAF1A0034-9a,P0000000034-9,P0000000034-9a,BN,Vertical,Multi-grounded,46,ACSR,2,AWG,06-Jan,ACSR,2,AWG,06-Jan,0,0,0,1.07,0,0,0,7.62195122,0,0,6.554878049,100
22,DXTUNGAF1A0034-18,P0000000034-9,P0000000034-18,BN,Vertical,Multi-grounded,778,ACSR,2,AWG,06-Jan,ACSR,2,AWG,06-Jan,0,0,0,1.07,0,0,0,7.62195122,0,0,6.554878049,100
23,DXTUNGAF1A0034-29,P0000000034-18,P0000000034-29,BN,Vertical,Multi-grounded,783,ACSR,2,AWG,06-Jan,ACSR,2,AWG,06-Jan,0,0,0,1.07,0,0,0,7.62195122,0,0,6.554878049,100
24,DXTUNGAF1C038,P0000000034,P0000000038,ABCN,Triangular,Multi-grounded,308,ACSR,336.4,MCM,26-Jul,ACSR,2,AWG,06-Jan,1.382606235,1.382606235,2.61,1.475161008,1.15,1.475161008,0,8.69,9.15,8.69,8,100
25,DXTUNGAF1C044,P0000000038,P0000000044,ABCN,Triangular,Multi-grounded,419,ACSR,336.4,MCM,26-Jul,ACSR,2,AWG,06-Jan,1.382606235,1.382606235,2.61,1.475161008,1.15,1.475161008,0,8.69,9.15,8.69,8,100
26,DXTUNGAF1A0044-29,P0000000044,P0000000044-29,AN,Vertical,Multi-grounded,2672,ACSR,2,AWG,06-Jan,ACSR,2,AWG,06-Jan,0,0,0,1.07,0,0,0,7.62195122,0,0,6.554878049,100
27,DXTUNGAF1A0044-64,P0000000044-29,P0000000044-64,AN,Vertical,Multi-grounded,1040,ACSR,2,AWG,06-Jan,ACSR,2,AWG,06-Jan,0,0,0,1.07,0,0,0,7.62195122,0,0,6.554878049,100
28,DXTUNGAF1C0045,P0000000044,P0000000045,ABCN,Triangular,Multi-grounded,56,ACSR,336.4,MCM,26-Jul,ACSR,2,AWG,06-Jan,1.382606235,1.382606235,2.61,1.475161008,1.15,1.475161008,0,8.69,9.15,8.69,8,100
29,DXTUNGAF1C0046,P0000000045,P0000000046,ABCN,Triangular,Multi-grounded,56,ACSR,336.4,MCM,26-Jul,ACSR,2,AWG,06-Jan,1.382606235,1.382606235,2.61,1.475161008,1.15,1.475161008,0,8.69,9.15,8.69,8,100
30,DXTUNGAF1A0046-22,P0000000046,P0000000046-22,AN,Vertical,Multi-grounded,1338,ACSR,2,AWG,06-Jan,ACSR,2,AWG,06-Jan,0,0,0,1.07,0,0,0,7.62195122,0,0,6.554878049,100
31,DXTUNGAF1C0049,P0000000046,P0000000049,ABCN,Triangular,Multi-grounded,307,ACSR,336.4,MCM,26-Jul,ACSR,2,AWG,06-Jan,1.382606235,1.382606235,2.61,1.475161008,1.15,1.475161008,0,8.69,9.15,8.69,8,100
32,DXTUNGAF1C0049A,P0000000049,P0000000049A,ABCN,Triangular,Multi-grounded,2,ACSR,336.4,MCM,26-Jul,ACSR,2,AWG,06-Jan,1.382606235,1.382606235,2.61,1.475161008,1.15,1.475161008,0,8.69,9.15,8.69,8,100
33,DXTUNGAF1A0049-3,P0000000049,P0000000049-3,BN,Vertical,Multi-grounded,250,ACSR,2,AWG,06-Jan,ACSR,2,AWG,06-Jan,0,0,0,1.07,0,0,0,7.62195122,0,0,6.554878049,100
34,DXTUNGAF1C0054,P0000000049,P0000000054,ABCN,Triangular,Multi-grounded,363,ACSR,336.4,MCM,26-Jul,ACSR,2,AWG,06-Jan,1.382606235,1.382606235,2.61,1.475161008,1.15,1.475161008,0,8.69,9.15,8.69,8,100
35,DXTUNGAF1C054A,P0000000054,P000000054A,ABCN,Triangular,Multi-grounded,2,ACSR,336.4,MCM,26-Jul,ACSR,2,AWG,06-Jan,1.382606235,1.382606235,2.61,1.475161008,1.15,1.475161008,0,8.69,9.15,8.69,8,100
36,DXTUNGAF1C054-20,P0000000054,P0000000054-20,BN,Vertical,Multi-grounded,1443,ACSR,2,AWG,06-Jan,ACSR,2,AWG,06-Jan,0,0,0,1.07,0,0,0,7.62195122,0,0,6.554878049,100
37,DXTUNGAF1C0065,P0000000054,P0000000065,ABCN,Triangular,Multi-grounded,834,ACSR,336.4,MCM,26-Jul,ACSR,2,AWG,06-Jan,1.382606235,1.382606235,2.61,1.475161008,1.15,1.475161008,0,8.69,9.15,8.69,8,100
38,DXTUNGAF1C072,P0000000065,P0000000072,ABCN,Triangular,Multi-grounded,536,ACSR,336.4,MCM,26-Jul,ACSR,2,AWG,06-Jan,1.382606235,1.382606235,2.61,1.475161008,1.15,1.475161008,0,8.69,9.15,8.69,8,100
39,DXTUNGAF1A0072-7,P0000000072,P0000000072-7,AN,Vertical,Multi-grounded,433,ACSR,2,AWG,06-Jan,ACSR,2,AWG,06-Jan,0,0,0,1.07,0,0,0,7.62195122,0,0,6.554878049,100
40,DXTUNGAF1A0073,P0000000072,P0000000073,ABCN,Triangular,Multi-grounded,45,ACSR,336.4,MCM,26-Jul,ACSR,2,AWG,06-Jan,1.382606235,1.382606235,2.61,1.475161008,1.15,1.475161008,0,8.69,9.15,8.69,8,100
41,DXTUNGAF1A0076,P0000000073,P0000000076,ABCN,Triangular,Multi-grounded,240,ACSR,336.4,MCM,26-Jul,ACSR,2,AWG,06-Jan,1.382606235,1.382606235,2.61,1.475161008,1.15,1.475161008,0,8.69,9.15,8.69,8,100
42,DXTUNGAF1C090,P0000000073,P0000000090,ABCN,Triangular,Multi-grounded,1404,ACSR,336.4,MCM,26-Jul,ACSR,2,AWG,06-Jan,1.382606235,1.382606235,2.61,1.475161008,1.15,1.475161008,0,8.69,9.15,8.69,8,100
43,DXTUNGAF1C091A,P0000000090,P0000000091,ABCN,Triangular,Multi-grounded,26,ACSR,336.4,MCM,26-Jul,ACSR,2,AWG,06-Jan,1.382606235,1.382606235,2.61,1.475161008,1.15,1.475161008,0,8.69,9.15,8.69,8,100
44,DXTUNGAF1A091,P0000000091,P000000091A,ABCN,Triangular,Multi-grounded,2,ACSR,336.4,MCM,26-Jul,ACSR,2,AWG,06-Jan,1.382606235,1.382606235,2.61,1.475161008,1.15,1.475161008,0,8.69,9.15,8.69,8,100
45,DXTUNGAF1C091B,P000000091A,P000000091B,ABCN,Triangular,Multi-grounded,2,ACSR,336.4,MCM,26-Jul,ACSR,2,AWG,06-Jan,1.382606235,1.382606235,2.61,1.475161008,1.15,1.475161008,0,8.69,9.15,8.69,8,100
46,DXTUNGAF1C0092,P0000000091,P0000000092,ABCN,Triangular,Multi-grounded,60,ACSR,336.4,MCM,26-Jul,ACSR,2,AWG,06-Jan,1.382606235,1.382606235,2.61,1.475161008,1.15,1.475161008,0,8.69,9.15,8.69,8,100
47,DXTUNGAF1C092A,P0000000092,P000000092A,ABCN,Triangular,Multi-grounded,40,ACSR,336.4,MCM,26-Jul,ACSR,2,AWG,06-Jan,1.382606235,1.382606235,2.61,1.475161008,1.15,1.475161008,0,8.69,9.15,8.69,8,100
48,DXTUNGAF1C092B,P000000092A,P000000092B,ABCN,Triangular,Multi-grounded,2,ACSR,336.4,MCM,26-Jul,ACSR,2,AWG,06-Jan,1.382606235,1.382606235,2.61,1.475161008,1.15,1.475161008,0,8.69,9.15,8.69,8,100
49,DXTUNGAF1C0092-2,P0000000092,P0000000092-2,ABCN,Triangular,Multi-grounded,98,ACSR,2,AWG,06-Jan,ACSR,2,AWG,06-Jan,1.382606235,1.382606235,2.61,1.475161008,1.15,1.475161008,0,8.69,9.15,8.69,8,100
50,DXTUNGAF1A0092-5,P0000000092-2,P0000000092-5,BN,Vertical,Multi-grounded,140,ACSR,2,AWG,06-Jan,ACSR,2,AWG,06-Jan,0,0,0,1.07,0,0,0,7.62195122,0,0,6.554878049,100
51,DXTUNGAF1A0092-7,P0000000092-5,P0000000092-7,BN,Vertical,Multi-grounded,75,ACSR,2,AWG,06-Jan,ACSR,2,AWG,06-Jan,0,0,0,1.07,0,0,0,7.62195122,0,0,6.554878049,100
52,DXTUNGAF1A0092-8,P0000000092-7,P0000000092-8,BN,Vertical,Multi-grounded,127,ACSR,2,AWG,06-Jan,ACSR,2,AWG,06-Jan,0,0,0,1.07,0,0,0,7.62195122,0,0,6.554878049,100
53,DXTUNGAF1A0092-9,P0000000092-8,P0000000092-9,BN,Vertical,Multi-grounded,72,ACSR,2,AWG,06-Jan,ACSR,2,AWG,06-Jan,0,0,0,1.07,0,0,0,7.62195122,0,0,6.554878049,100
54,DXTUNGAF1C0093,P0000000092,P0000000093,ABCN,Triangular,Multi-grounded,82,ACSR,336.4,MCM,26-Jul,ACSR,2,AWG,06-Jan,1.382606235,1.382606235,2.61,1.475161008,1.15,1.475161008,0,8.69,9.15,8.69,8,100
55,DXTUNGAF1C094A,P0000000093,P0000000094,ABCN,Triangular,Multi-grounded,95,ACSR,336.4,MCM,26-Jul,ACSR,2,AWG,06-Jan,1.382606235,1.382606235,2.61,1.475161008,1.15,1.475161008,0,8.69,9.15,8.69,8,100
56,DXTUNGAF1C0094,P0000000094,P000000094A,ABCN,Triangular,Multi-grounded,2,ACSR,336.4,MCM,26-Jul,ACSR,2,AWG,06-Jan,1.382606235,1.382606235,2.61,1.475161008,1.15,1.475161008,0,8.69,9.15,8.69,8,100
57,DXTUNGAF1C094B,P000000094A,P000000094B,ABCN,Triangular,Multi-grounded,2,ACSR,336.4,MCM,26-Jul,ACSR,2,AWG,06-Jan,1.382606235,1.382606235,2.61,1.475161008,1.15,1.475161008,0,8.69,9.15,8.69,8,100
58,DXTUNGAF1C094C,P000000094B,P000000094C,ABCN,Triangular,Multi-grounded,2,ACSR,336.4,MCM,26-Jul,ACSR,2,AWG,06-Jan,1.382606235,1.382606235,2.61,1.475161008,1.15,1.475161008,0,8.69,9.15,8.69,8,100
59,DXTUNGAF1C095,P0000000094,P0000000095,ABCN,Triangular,Multi-grounded,88,ACSR,336.4,MCM,26-Jul,ACSR,2,AWG,06-Jan,1.382606235,1.382606235,2.61,1.475161008,1.15,1.475161008,0,8.69,9.15,8.69,8,100
60,DXTUNGAF1A0095-7,P0000000095,P0000000095-7,CN,Vertical,Multi-grounded,356,ACSR,2,AWG,06-Jan,ACSR,2,AWG,06-Jan,0,0,0,1.07,0,0,0,7.62195122,0,0,6.554878049,100
61,DXTUNGAF1A0099,P0000000095,P0000000099,ABCN,Triangular,Multi-grounded,288,ACSR,336.4,MCM,26-Jul,ACSR,2,AWG,06-Jan,1.382606235,1.382606235,2.61,1.475161008,1.15,1.475161008,0,8.69,9.15,8.69,8,100
62,DXTUNGAF1C0100,P0000000099,P0000000100,ABCN,Triangular,Multi-grounded,44,ACSR,336.4,MCM,26-Jul,ACSR,2,AWG,06-Jan,1.382606235,1.382606235,2.61,1.475161008,1.15,1.475161008,0,8.69,9.15,8.69,8,100
63,DXTUNGAF1C0100A,P0000000100,P000000100A,ABCN,Triangular,Multi-grounded,2,ACSR,336.4,MCM,26-Jul,ACSR,2,AWG,06-Jan,1.382606235,1.382606235,2.61,1.475161008,1.15,1.475161008,0,8.69,9.15,8.69,8,100
64,DXTUNGAF1C0100B,P000000100A,P000000100B,ABCN,Triangular,Multi-grounded,2,ACSR,336.4,MCM,26-Jul,ACSR,2,AWG,06-Jan,1.382606235,1.382606235,2.61,1.475161008,1.15,1.475161008,0,8.69,9.15,8.69,8,100
65,DXTUNGAF1C0100-1,P0000000100,P0000000100-1,CN,Vertical,Multi-grounded,58,ACSR,2,AWG,06-Jan,ACSR,2,AWG,06-Jan,0,0,0,1.07,0,0,0,7.62195122,0,0,6.554878049,100
66,DXTUNGAF1A0100-2,P0000000100-1,P0000000100-2,CN,Vertical,Multi-grounded,67,ACSR,2,AWG,06-Jan,ACSR,2,AWG,06-Jan,0,0,0,1.07,0,0,0,7.62195122,0,0,6.554878049,100
67,DXTUNGAF1A0100-6,P0000000100-2,P0000000100-6,CN,Vertical,Multi-grounded,270,ACSR,2,AWG,06-Jan,ACSR,2,AWG,06-Jan,0,0,0,1.07,0,0,0,7.62195122,0,0,6.554878049,100
68,DXTUNGAF1A0100-6A,P0000000100-6,P0000000100-6A,CN,Vertical,Multi-grounded,2,ACSR,2,AWG,06-Jan,ACSR,2,AWG,06-Jan,0,0,0,1.07,0,0,0,7.62195122,0,0,6.554878049,100
69,DXTUNGAF1A0100-7,P0000000100-6,P0000000100-7,CN,Vertical,Multi-grounded,63,ACSR,2,AWG,06-Jan,ACSR,2,AWG,06-Jan,0,0,0,1.07,0,0,0,7.62195122,0,0,6.554878049,100
70,DXTUNGAF1A0100-13,P0000000100-7,P0000000100-13,CN,Vertical,Multi-grounded,493,ACSR,2,AWG,06-Jan,ACSR,2,AWG,06-Jan,0,0,0,1.07,0,0,0,7.62195122,0,0,6.554878049,100
71,DXTUNGAF1A0100-13m,P0000000100-13,P0000000100-13m,CN,Vertical,Multi-grounded,885,ACSR,2,AWG,06-Jan,ACSR,2,AWG,06-Jan,0,0,0,1.07,0,0,0,7.62195122,0,0,6.554878049,100
72,DXTUNGAF1A0100-13ag,P0000000100-13m,P0000000100-13ag,CN,Vertical,Multi-grounded,1741,ACSR,2,AWG,06-Jan,ACSR,2,AWG,06-Jan,0,0,0,1.07,0,0,0,7.62195122,0,0,6.554878049,100
73,DXTUNGAF1A0100-13ag6,P0000000100-13ag,P0000000100-13ag6,CN,Vertical,Multi-grounded,491,ACSR,2,AWG,06-Jan,ACSR,2,AWG,06-Jan,0,0,0,1.07,0,0,0,7.62195122,0,0,6.554878049,100
74,DXTUNGAF1A0100-13ar,P0000000100-13ag,P0000000100-13ar,CN,Vertical,Multi-grounded,937,ACSR,2,AWG,06-Jan,ACSR,2,AWG,06-Jan,0,0,0,1.07,0,0,0,7.62195122,0,0,6.554878049,100
75,DXTUNGAF1A0100-13ax,P0000000100-13ar,P0000000100-13ax,CN,Vertical,Multi-grounded,429,ACSR,2,AWG,06-Jan,ACSR,2,AWG,06-Jan,0,0,0,1.07,0,0,0,7.62195122,0,0,6.554878049,100
76,DXTUNGAF1A0100-13ax15,P0000000100-13ax,P0000000100-13ax15,CN,Vertical,Multi-grounded,1106,ACSR,2,AWG,06-Jan,ACSR,2,AWG,06-Jan,0,0,0,1.07,0,0,0,7.62195122,0,0,6.554878049,100
77,DXTUNGAF1A0100-13bj,P0000000100-13ax,P0000000100-13bj,CN,Vertical,Multi-grounded,1098,ACSR,2,AWG,06-Jan,ACSR,2,AWG,06-Jan,0,0,0,1.07,0,0,0,7.62195122,0,0,6.554878049,100
78,DXTUNGAF1A0100-16,P0000000100-13,P0000000100-16,CN,Vertical,Multi-grounded,187,ACSR,2,AWG,06-Jan,ACSR,2,AWG,06-Jan,0,0,0,1.07,0,0,0,7.62195122,0,0,6.554878049,100
79,DXTUNGAF1A0100-20,P0000000100-16,P0000000100-20,CN,Vertical,Multi-grounded,220,ACSR,2,AWG,06-Jan,ACSR,2,AWG,06-Jan,0,0,0,1.07,0,0,0,7.62195122,0,0,6.554878049,100
80,DXTUNGAF1A0100-28,P0000000100-20,P0000000100-28,CN,Vertical,Multi-grounded,531,ACSR,2,AWG,06-Jan,ACSR,2,AWG,06-Jan,0,0,0,1.07,0,0,0,7.62195122,0,0,6.554878049,100
81,DXTUNGAF1A0100-30,P0000000100-28,P0000000100-30,CN,Vertical,Multi-grounded,138,ACSR,2,AWG,06-Jan,ACSR,2,AWG,06-Jan,0,0,0,1.07,0,0,0,7.62195122,0,0,6.554878049,100
82,DXTUNGAF1A0100-30i,P0000000100-30,P0000000100-30i,CN,Vertical,Multi-grounded,766,ACSR,2,AWG,06-Jan,ACSR,2,AWG,06-Jan,0,0,0,1.07,0,0,0,7.62195122,0,0,6.554878049,100
83,DXTUNGAF1A0100-39,P0000000100-30,P0000000100-39,CN,Vertical,Multi-grounded,643,ACSR,2,AWG,06-Jan,ACSR,2,AWG,06-Jan,0,0,0,1.07,0,0,0,7.62195122,0,0,6.554878049,100
84,DXTUNGAF1A0100-39h,P0000000100-39,P0000000100-39h,CN,Vertical,Multi-grounded,616,ACSR,2,AWG,06-Jan,ACSR,2,AWG,06-Jan,0,0,0,1.07,0,0,0,7.62195122,0,0,6.554878049,100
85,DXTUNGAF1A0100-39x,P0000000100-39h,P0000000100-39X,CN,Vertical,Multi-grounded,1342,ACSR,2,AWG,06-Jan,ACSR,2,AWG,06-Jan,0,0,0,1.07,0,0,0,7.62195122,0,0,6.554878049,100
86,DXTUNGAF1A0100-42,P0000000100-39,P0000000100-42,CN,Vertical,Multi-grounded,180,ACSR,2,AWG,06-Jan,ACSR,2,AWG,06-Jan,0,0,0,1.07,0,0,0,7.62195122,0,0,6.554878049,100
87,DXTUNGAF1A0100-43,P0000000100-42,P0000000100-43,CN,Vertical,Multi-grounded,67,ACSR,2,AWG,06-Jan,ACSR,2,AWG,06-Jan,0,0,0,1.07,0,0,0,7.62195122,0,0,6.554878049,100
88,DXTUNGAF1A0100-50,P0000000100-43,P0000000100-50,CN,Vertical,Multi-grounded,465,ACSR,2,AWG,06-Jan,ACSR,2,AWG,06-Jan,0,0,0,1.07,0,0,0,7.62195122,0,0,6.554878049,100
89,DXTUNGAF1A0100-55,P0000000100-50,P0000000100-55,CN,Vertical,Multi-grounded,403,ACSR,2,AWG,06-Jan,ACSR,2,AWG,06-Jan,0,0,0,1.07,0,0,0,7.62195122,0,0,6.554878049,100
90,DXTUNGAF1A0100-55-4,P0000000100-55,P0000000100-55-4,CN,Vertical,Multi-grounded,260,ACSR,2,AWG,06-Jan,ACSR,2,AWG,06-Jan,0,0,0,1.07,0,0,0,7.62195122,0,0,6.554878049,100
91,DXTUNGAF1A0100-58,P0000000100-55,P0000000100-58,CN,Vertical,Multi-grounded,182,ACSR,2,AWG,06-Jan,ACSR,2,AWG,06-Jan,0,0,0,1.07,0,0,0,7.62195122,0,0,6.554878049,100
92,DXTUNGAF1A0100-66,P0000000100-58,P0000000100-66,CN,Vertical,Multi-grounded,506,ACSR,2,AWG,06-Jan,ACSR,2,AWG,06-Jan,0,0,0,1.07,0,0,0,7.62195122,0,0,6.554878049,100
93,DXTUNGAF1A0100-71,P0000000100-66,P0000000100-71,CN,Vertical,Multi-grounded,341,ACSR,2,AWG,06-Jan,ACSR,2,AWG,06-Jan,0,0,0,1.07,0,0,0,7.62195122,0,0,6.554878049,100
94,DXTUNGAF1A0100-71-3,P0000000100-71,P0000000100-71-3,CN,Vertical,Multi-grounded,161,ACSR,2,AWG,06-Jan,ACSR,2,AWG,06-Jan,0,0,0,1.07,0,0,0,7.62195122,0,0,6.554878049,100
95,DXTUNGAF1A0100-72,P0000000100-71,P0000000100-72,CN,Vertical,Multi-grounded,73,ACSR,2,AWG,06-Jan,ACSR,2,AWG,06-Jan,0,0,0,1.07,0,0,0,7.62195122,0,0,6.554878049,100
96,DXTUNGAF1A0100-72M,P0000000100-72,P0000000100-72M,CN,Vertical,Multi-grounded,972,ACSR,2,AWG,06-Jan,ACSR,2,AWG,06-Jan,0,0,0,1.07,0,0,0,7.62195122,0,0,6.554878049,100
97,DXTUNGAF1A0100-72Q,P0000000100-72M,P0000000100-72Q,CN,Vertical,Multi-grounded,403,ACSR,2,AWG,06-Jan,ACSR,2,AWG,06-Jan,0,0,0,1.07,0,0,0,7.62195122,0,0,6.554878049,100
98,DXTUNGAF1A0100-72Q8,P0000000100-72Q,P0000000100-72Q8,CN,Vertical,Multi-grounded,528,ACSR,2,AWG,06-Jan,ACSR,2,AWG,06-Jan,0,0,0,1.07,0,0,0,7.62195122,0,0,6.554878049,100
99,DXTUNGAF1A0100-72Q8c,P0000000100-72Q8,P0000000100-72Q8c,CN,Vertical,Multi-grounded,193,ACSR,2,AWG,06-Jan,ACSR,2,AWG,06-Jan,0,0,0,1.07,0,0,0,7.62195122,0,0,6.554878049,100
100,DXTUNGAF1A0100-72Q12,P0000000100-72Q8,P0000000100-72Q12,CN,Vertical,Multi-grounded,238,ACSR,2,AWG,06-Jan,ACSR,2,AWG,06-Jan,0,0,0,1.07,0,0,0,7.62195122,0,0,6.554878049,100
101,DXTUNGAF1A0100-72Y,P0000000100-72Q,P0000000100-72Y,CN,Vertical,Multi-grounded,703,ACSR,2,AWG,06-Jan,ACSR,2,AWG,06-Jan,0,0,0,1.07,0,0,0,7.62195122,0,0,6.554878049,100
102,DXTUNGAF1A0100-74,P0000000100-72,P0000000100-74,CN,Vertical,Multi-grounded,114,ACSR,2,AWG,06-Jan,ACSR,2,AWG,06-Jan,0,0,0,1.07,0,0,0,7.62195122,0,0,6.554878049,100
103,DXTUNGAF1A0100-79,P0000000100-74,P0000000100-79,CN,Vertical,Multi-grounded,298,ACSR,2,AWG,06-Jan,ACSR,2,AWG,06-Jan,0,0,0,1.07,0,0,0,7.62195122,0,0,6.554878049,100
104,DXTUNGAF1A0100-85,P0000000100-79,P0000000100-85,CN,Vertical,Multi-grounded,349,ACSR,2,AWG,06-Jan,ACSR,2,AWG,06-Jan,0,0,0,1.07,0,0,0,7.62195122,0,0,6.554878049,100
105,DXTUNGAF1C0102,P0000000100,P0000000102,ABCN,Triangular,Multi-grounded,146,ACSR,336.4,MCM,26-Jul,ACSR,2,AWG,06-Jan,1.382606235,1.382606235,2.61,1.475161008,1.15,1.475161008,0,8.69,9.15,8.69,8,100
106,DXTUNGAF1C0106,P0000000102,P0000000106,ABCN,Triangular,Multi-grounded,250,ACSR,336.4,MCM,26-Jul,ACSR,2,AWG,06-Jan,1.382606235,1.382606235,2.61,1.475161008,1.15,1.475161008,0,8.69,9.15,8.69,8,100
107,DXTUNGAF1C0106A,P0000000106,P000000106A,ABCN,Triangular,Multi-grounded,2,ACSR,336.4,MCM,26-Jul,ACSR,2,AWG,06-Jan,1.382606235,1.382606235,2.61,1.475161008,1.15,1.475161008,0,8.69,9.15,8.69,8,100
108,DXTUNGAF1C0106-1,P0000000106,P0000000106-1,BN,Vertical,Multi-grounded,81,ACSR,2,AWG,06-Jan,ACSR,2,AWG,06-Jan,0,0,0,1.07,0,0,0,7.62195122,0,0,6.554878049,100
109,DXTUNGAF1C0106-2,P0000000106-1,P0000000106-2,BN,Vertical,Multi-grounded,81,ACSR,2,AWG,06-Jan,ACSR,2,AWG,06-Jan,0,0,0,1.07,0,0,0,7.62195122,0,0,6.554878049,100
110,DXTUNGAF1C0108,P0000000106,P0000000108,ABCN,Triangular,Multi-grounded,148,ACSR,336.4,MCM,26-Jul,ACSR,2,AWG,06-Jan,1.382606235,1.382606235,2.61,1.475161008,1.15,1.475161008,0,8.69,9.15,8.69,8,100
111,DXTUNGAF1C0108-4,P0000000108,P0000000108-4,ABCN,Triangular,Multi-grounded,229,ACSR,2/0,AWG,06-Jan,ACSR,2,AWG,06-Jan,1.382606235,1.382606235,2.61,1.475161008,1.15,1.475161008,0,8.69,9.15,8.69,8,100
112,DXTUNGAF1C0108-4A,P0000000108-4,P0000000108-4A,ABCN,Triangular,Multi-grounded,2,ACSR,2/0,AWG,06-Jan,ACSR,2,AWG,06-Jan,1.382606235,1.382606235,2.61,1.475161008,1.15,1.475161008,0,8.69,9.15,8.69,8,100
113,DXTUNGAF1C0108-4b,P0000000108-4,P0000000108-4b,AN,Vertical,Multi-grounded,90,ACSR,2,AWG,06-Jan,ACSR,2,AWG,06-Jan,0,0,0,1.07,0,0,0,7.62195122,0,0,6.554878049,100
114,DXTUNGAF1C0108-5,P0000000108-4,P0000000108-5,ABCN,Triangular,Multi-grounded,55,ACSR,2/0,AWG,06-Jan,ACSR,2,AWG,06-Jan,1.382606235,1.382606235,2.61,1.475161008,1.15,1.475161008,0,8.69,9.15,8.69,8,100
115,DXTUNGAF1C0108-7A,P0000000108-5,P0000000108-7,ABCN,Triangular,Multi-grounded,135,ACSR,2/0,AWG,06-Jan,ACSR,2,AWG,06-Jan,1.382606235,1.382606235,2.61,1.475161008,1.15,1.475161008,0,8.69,9.15,8.69,8,100
116,DXTUNGAF1C0108-7B,P0000000108-7,P0000000108-7A,ABCN,Triangular,Multi-grounded,2,ACSR,2/0,AWG,06-Jan,ACSR,2,AWG,06-Jan,1.382606235,1.382606235,2.61,1.475161008,1.15,1.475161008,0,8.69,9.15,8.69,8,100
117,DXTUNGAF1C0108-8,P0000000108-7,P0000000108-8,ABCN,Triangular,Multi-grounded,83,ACSR,2/0,AWG,06-Jan,ACSR,2,AWG,06-Jan,1.382606235,1.382606235,2.61,1.475161008,1.15,1.475161008,0,8.69,9.15,8.69,8,100
118,DXTUNGAF1C0108-10,P0000000108-8,P0000000108-10,ABCN,Triangular,Multi-grounded,105,ACSR,2/0,AWG,06-Jan,ACSR,2,AWG,06-Jan,1.382606235,1.382606235,2.61,1.475161008,1.15,1.475161008,0,8.69,9.15,8.69,8,100
119,DXTUNGAF1C0108-11,P0000000108-10,P0000000108-11,ABCN,Triangular,Multi-grounded,44,ACSR,2/0,AWG,06-Jan,ACSR,2,AWG,06-Jan,1.382606235,1.382606235,2.61,1.475161008,1.15,1.475161008,0,8.69,9.15,8.69,8,100
120,DXTUNGAF1A0108-12,P0000000108-11,P0000000108-12,ABCN,Triangular,Multi-grounded,98,ACSR,2/0,AWG,06-Jan,ACSR,2,AWG,06-Jan,1.382606235,1.382606235,2.61,1.475161008,1.15,1.475161008,0,8.69,9.15,8.69,8,100
121,DXTUNGAF1A0108-12b,P0000000108-12,P0000000108-12b,AN,Vertical,Multi-grounded,146,ACSR,2,AWG,06-Jan,ACSR,2,AWG,06-Jan,0,0,0,1.07,0,0,0,7.62195122,0,0,6.554878049,100
122,DXTUNGAF1A0108-12f,P0000000108-12b,P0000000108-12f,AN,Vertical,Multi-grounded,209,ACSR,2,AWG,06-Jan,ACSR,2,AWG,06-Jan,0,0,0,1.07,0,0,0,7.62195122,0,0,6.554878049,100
123,DXTUNGAF1A0108-12h,P0000000108-12f,P0000000108-12h,AN,Vertical,Multi-grounded,85,ACSR,2,AWG,06-Jan,ACSR,2,AWG,06-Jan,0,0,0,1.07,0,0,0,7.62195122,0,0,6.554878049,100
124,DXTUNGAF1C0108-18,P0000000108-12,P0000000108-18,ABCN,Triangular,Multi-grounded,210,ACSR,2/0,AWG,06-Jan,ACSR,2,AWG,06-Jan,1.382606235,1.382606235,2.61,1.475161008,1.15,1.475161008,0,8.69,9.15,8.69,8,100
125,DXTUNGAF1C0108-19,P0000000108-18,P0000000108-19,ABCN,Triangular,Multi-grounded,71,ACSR,2/0,AWG,06-Jan,ACSR,2,AWG,06-Jan,1.382606235,1.382606235,2.61,1.475161008,1.15,1.475161008,0,8.69,9.15,8.69,8,100
126,DXTUNGAF1C0108-20,P0000000108-19,P0000000108-20,ABCN,Triangular,Multi-grounded,72,ACSR,2/0,AWG,06-Jan,ACSR,2,AWG,06-Jan,1.382606235,1.382606235,2.61,1.475161008,1.15,1.475161008,0,8.69,9.15,8.69,8,100
127,DXTUNGAF1A0108-20C,P0000000108-20,P0000000108-20C,BN,Vertical,Multi-grounded,157,ACSR,2,AWG,06-Jan,ACSR,2,AWG,06-Jan,0,0,0,1.07,0,0,0,7.62195122,0,0,6.554878049,100
128,DXTUNGAF1A0108-20O,P0000000108-20C,P0000000108-20O,BN,Vertical,Multi-grounded,827,ACSR,2,AWG,06-Jan,ACSR,2,AWG,06-Jan,0,0,0,1.07,0,0,0,7.62195122,0,0,6.554878049,100
129,DXTUNGAF1A0108-21,P0000000108-20,P0000000108-21,ABCN,Triangular,Multi-grounded,76,ACSR,2/0,AWG,06-Jan,ACSR,2,AWG,06-Jan,1.382606235,1.382606235,2.61,1.475161008,1.15,1.475161008,0,8.69,9.15,8.69,8,100
130,DXTUNGAF1A0108-21b,P0000000108-21,P0000000108-21b,BN,Vertical,Multi-grounded,76,ACSR,2,AWG,06-Jan,ACSR,2,AWG,06-Jan,0,0,0,1.07,0,0,0,7.62195122,0,0,6.554878049,100
131,DXTUNGAF1A0108-24,P0000000108-21,P0000000108-24,ABCN,Triangular,Multi-grounded,215,ACSR,2/0,AWG,06-Jan,ACSR,2,AWG,06-Jan,1.382606235,1.382606235,2.61,1.475161008,1.15,1.475161008,0,8.69,9.15,8.69,8,100
132,DXTUNGAF1A0108-24A,P0000000108-24,P0000000108-24A,AN,Vertical,Multi-grounded,173,ACSR,2,AWG,06-Jan,ACSR,2,AWG,06-Jan,0,0,0,1.07,0,0,0,7.62195122,0,0,6.554878049,100
133,DXTUNGAF1A0108-24-1,P0000000108-24,P0000000108-24-1,BN,Vertical,Multi-grounded,30,ACSR,2,AWG,06-Jan,ACSR,2,AWG,06-Jan,0,0,0,1.07,0,0,0,7.62195122,0,0,6.554878049,100
134,DXTUNGAC00108-30,P0000000108-24,P0000000108-30,ABCN,TRIANGULAR,Multi-grounded,245,ACSR,2/0,AWG,06-Jan,ACSR,2/0,AWG,06-Jan,1.382606235,1.382606235,2.61,1.475161008,1.15,1.475161008,0,8.69,9.15,8.69,8,100
135,DXTUNGAC00108-33,P0000000108-30,P0000000108-33,ABCN,TRIANGULAR,Multi-grounded,245,ACSR,2/0,AWG,06-Jan,ACSR,2/0,AWG,06-Jan,1.382606235,1.382606235,2.61,1.475161008,1.15,1.475161008,0,8.69,9.15,8.69,8,100
136,DXTUNGAC00108-45,P0000000108-33,P0000000108-45,ABCN,TRIANGULAR,Multi-grounded,1083,ACSR,2/0,AWG,06-Jan,ACSR,2/0,AWG,06-Jan,1.382606235,1.382606235,2.61,1.475161008,1.15,1.475161008,0,8.69,9.15,8.69,8,100
137,DXTUNGAA00108-45H,P0000000108-45,P0000000108-45H,CN,VERTICAL,Multi-grounded,670,ACSR,2,AWG,06-Jan,ACSR,2,AWG,06-Jan,0,0,0,1.067073171,0,0,0,7.62195122,0,0,6.554878049,100
138,DXTUNGAC00108-45A,P0000000108-45,P0000000108-45A,ABCN,TRIANGULAR,Multi-grounded,2,ACSR,2/0,AWG,06-Jan,ACSR,2/0,AWG,06-Jan,1.382606235,1.382606235,2.61,1.475161008,1.15,1.475161008,0,8.69,9.15,8.69,8,100
139,DXTUNGAC00108-58,P0000000108-45,P0000000108-58,ABCN,TRIANGULAR,Multi-grounded,996,ACSR,2/0,AWG,06-Jan,ACSR,2/0,AWG,06-Jan,1.382606235,1.382606235,2.61,1.48,1.15,1.475161008,0,8.69,9.15,8.69,8,100
140,DXTUNGAA00108-58M,P0000000108-58,P0000000108-58M,CN,VERTICAL,Multi-grounded,1061,ACSR,2,AWG,06-Jan,ACSR,2,AWG,06-Jan,0,0,0,1.067073171,0,0,0,7.62195122,0,0,6.554878049,100
141,DXTUNGAA00108-58R,P0000000108-58M,P0000000108-58R,CN,VERTICAL,Multi-grounded,306,ACSR,2,AWG,06-Jan,ACSR,2,AWG,06-Jan,0,0,0,1.067073171,0,0,0,7.62195122,0,0,6.554878049,100
142,DXTUNGAA00108-58R11,P0000000108-58R,P0000000108-58R11,CN,VERTICAL,Multi-grounded,1143,ACSR,2,AWG,06-Jan,ACSR,2,AWG,06-Jan,0,0,0,1.067073171,0,0,0,7.62195122,0,0,6.554878049,100
143,DXTUNGAA00108-58AA,P0000000108-58R,P0000000108-58AA,CN,VERTICAL,Multi-grounded,633,ACSR,2,AWG,06-Jan,ACSR,2,AWG,06-Jan,0,0,0,1.067073171,0,0,0,7.62195122,0,0,6.554878049,100
144,DXTUNGAA00108-58AN,P0000000108-58AA,P0000000108-58AN,CN,VERTICAL,Multi-grounded,1187,ACSR,2,AWG,06-Jan,ACSR,2,AWG,06-Jan,0,0,0,1.067073171,0,0,0,7.62195122,0,0,6.554878049,100
145,DXTUNGAA00108-58AN9,P0000000108-58AN,P0000000108-58AN9,CN,VERTICAL,Multi-grounded,650,ACSR,2,AWG,06-Jan,ACSR,2,AWG,06-Jan,0,0,0,1.067073171,0,0,0,7.62195122,0,0,6.554878049,100
146,DXTUNGAA00108-58AO,P0000000108-58AN,P0000000108-58AO,CN,VERTICAL,Multi-grounded,84,ACSR,2,AWG,06-Jan,ACSR,2,AWG,06-Jan,0,0,0,1.07,0,0,0,7.62195122,0,0,6.554878049,100
147,DXTUNGAA00108-58AO4,P0000000108-58AO,P0000000108-58AO4,CN,VERTICAL,Multi-grounded,248,ACSR,2,AWG,06-Jan,ACSR,2,AWG,06-Jan,0,0,0,1.067073171,0,0,0,7.62195122,0,0,6.554878049,100
148,DXTUNGAA00108-58AV,P0000000108-58AO,P0000000108-58AV,CN,VERTICAL,Multi-grounded,461,ACSR,2,AWG,06-Jan,ACSR,2,AWG,06-Jan,0,0,0,1.067073171,0,0,0,7.62195122,0,0,6.554878049,100
149,DXTUNGAC00108-59,P0000000108-58,P0000000108-59,ABCN,TRIANGULAR,Multi-grounded,66,ACSR,2/0,AWG,06-Jan,ACSR,2/0,AWG,06-Jan,1.382606235,1.382606235,2.61,1.475161008,1.15,1.475161008,0,8.69,9.15,8.69,8,100
150,DXTUNGAC00108-59A,P0000000108-59,P0000000108-59A,ABCN,TRIANGULAR,Multi-grounded,2,ACSR,2/0,AWG,06-Jan,ACSR,2/0,AWG,06-Jan,1.382606235,1.382606235,2.61,1.475161008,1.15,1.475161008,0,8.69,9.15,8.69,8,100
151,DXTUNGAA00108-59f,P0000000108-59,P0000000108-59f,AN,VERTICAL,Multi-grounded,430,ACSR,2,AWG,06-Jan,ACSR,2,AWG,06-Jan,0,0,0,1.067073171,0,0,0,7.62195122,0,0,6.554878049,100
152,DXTUNGAA00108-59j,P0000000108-59f,P0000000108-59j,AN,VERTICAL,Multi-grounded,218,ACSR,2,AWG,06-Jan,ACSR,2,AWG,06-Jan,0,0,0,1.067073171,0,0,0,7.62195122,0,0,6.554878049,100
153,DXTUNGAA00108-59p,P0000000108-59j,P0000000108-59p,AN,VERTICAL,Multi-grounded,411,ACSR,2,AWG,06-Jan,ACSR,2,AWG,06-Jan,0,0,0,1.07,0,0,0,7.62195122,0,0,6.554878049,100
154,DXTUNGAC00108-60,P0000000108-59,P0000000108-60,ABCN,TRIANGULAR,Multi-grounded,77,ACSR,2/0,AWG,06-Jan,ACSR,2/0,AWG,06-Jan,1.382606235,1.382606235,2.61,1.48,1.15,1.475161008,0,8.69,9.15,8.69,8,100
155,DXTUNGAC00108-63,P0000000108-60,P0000000108-63,ABCN,TRIANGULAR,Multi-grounded,70,ACSR,2/0,AWG,06-Jan,ACSR,2/0,AWG,06-Jan,1.382606235,1.382606235,2.61,1.48,1.15,1.475161008,0,8.69,9.15,8.69,8,100
156,DXTUNGAF1C0110,P0000000108,P0000000110,ABCN,Triangular,Multi-grounded,107,ACSR,336.4,MCM,26-Jul,ACSR,2,AWG,06-Jan,1.382606235,1.382606235,2.61,1.475161008,1.15,1.475161008,0,8.69,9.15,8.69,8,100
157,DXTUNGAF1C0111,P0000000110,P0000000111,ABCN,Triangular,Multi-grounded,72,ACSR,336.4,MCM,26-Jul,ACSR,2,AWG,06-Jan,1.382606235,1.382606235,2.61,1.475161008,1.15,1.475161008,0,8.69,9.15,8.69,8,100
158,DXTUNGAF1C0111A,P0000000111,P000000111A,ABCN,Triangular,Multi-grounded,2,ACSR,336.4,MCM,26-Jul,ACSR,2,AWG,06-Jan,1.382606235,1.382606235,2.61,1.475161008,1.15,1.475161008,0,8.69,9.15,8.69,8,100
159,DXTUNGAF1C0112,P0000000111,P0000000112,ABCN,Triangular,Multi-grounded,89,ACSR,336.4,MCM,26-Jul,ACSR,2,AWG,06-Jan,1.382606235,1.382606235,2.61,1.48,1.15,1.475161008,0,8.69,9.15,8.69,8,100
160,DXTUNGAF1C0113,P0000000112,P0000000113,ABCN,Triangular,Multi-grounded,89,ACSR,336.4,MCM,26-Jul,ACSR,2,AWG,06-Jan,1.382606235,1.382606235,2.61,1.48,1.15,1.475161008,0,8.69,9.15,8.69,8,100
161,DXTUNGAF1A0115,P0000000113,P0000000115,ABCN,Triangular,Multi-grounded,62,ACSR,336.4,MCM,26-Jul,ACSR,2,AWG,06-Jan,1.382606235,1.382606235,2.61,1.48,1.15,1.475161008,0,8.69,9.15,8.69,8,100
162,DXTUNGAF1C0115A,P0000000115,P000000115A,ABCN,Triangular,Multi-grounded,2,ACSR,336.4,MCM,26-Jul,ACSR,2,AWG,06-Jan,1.382606235,1.382606235,2.61,1.48,1.15,1.475161008,0,8.69,9.15,8.69,8,100
163,DXTUNGAF1C0115B,P000000115A,P000000115B,ABCN,Triangular,Multi-grounded,2,ACSR,336.4,MCM,26-Jul,ACSR,2,AWG,06-Jan,1.382606235,1.382606235,2.61,1.48,1.15,1.475161008,0,8.69,9.15,8.69,8,100
164,DXTUNGAF1C0115C,P000000115B,P000000115C,ABCN,Triangular,Multi-grounded,2,ACSR,336.4,MCM,26-Jul,ACSR,2,AWG,06-Jan,1.382606235,1.382606235,2.61,1.48,1.15,1.475161008,0,8.69,9.15,8.69,8,100
165,DXTUNGAF1A0115-4,P0000000115,P0000000115-4,AN,Vertical,Multi-grounded,245,ACSR,2,AWG,06-Jan,ACSR,2,AWG,06-Jan,0,0,0,1.07,0,0,0,7.62,0,0,6.554878049,100
166,DXTUNGAF1C0116,P0000000115,P0000000116,ABCN,Triangular,Multi-grounded,55,ACSR,336.4,MCM,26-Jul,ACSR,2,AWG,06-Jan,1.382606235,1.382606235,2.61,1.48,1.15,1.475161008,0,8.69,9.15,8.69,8,100
167,DXTUNGAF1C0117,P0000000116,P0000000117,BCAN,Triangular,Multi-grounded,44,ACSR,336.4,MCM,26-Jul,ACSR,2,AWG,06-Jan,1.382606235,1.382606235,2.61,1.48,1.15,1.475161008,0,8.69,9.15,8.69,8,100
168,DXTUNGAF1A0117B,P0000000117,P000000117B,BN,Vertical,Multi-grounded,85,ACSR,2,AWG,06-Jan,ACSR,2,AWG,06-Jan,0,0,0,1.07,0,0,0,7.62195122,0,0,6.554878049,100
169,DXTUNGAF1A0119,P0000000117,P0000000119,ABCN,Triangular,Multi-grounded,123,ACSR,336.4,MCM,26-Jul,ACSR,2,AWG,06-Jan,1.382606235,1.382606235,2.61,1.475161008,1.15,1.475161008,0,8.69,9.15,8.69,8,100
170,DXTUNGAF1A0119-3,P0000000119,P0000000119-3,ABCN,Triangular,Multi-grounded,156,ACSR,1/0,AWG,06-Jan,ACSR,2,AWG,06-Jan,1.382606235,1.382606235,2.61,1.48,1.15,1.475161008,0,8.69,9.15,8.69,8,100
171,DXTUNGAF1C0121,P0000000119,P0000000121,ABCN,Triangular,Multi-grounded,80,ACSR,336.4,MCM,26-Jul,ACSR,2,AWG,06-Jan,1.382606235,1.382606235,2.61,1.48,1.15,1.475161008,0,8.69,9.15,8.69,8,100
172,DXTUNGAF1C0121A,P0000000121,P000000121A,ABCN,Triangular,Multi-grounded,2,ACSR,336.4,MCM,26-Jul,ACSR,2,AWG,06-Jan,1.382606235,1.382606235,2.61,1.475161008,1.15,1.475161008,0,8.69,9.15,8.69,8,100
173,DXTUNGAF1C0122,P0000000121,P0000000122,BACN,Triangular,Multi-grounded,53,ACSR,336.4,MCM,26-Jul,ACSR,2,AWG,06-Jan,1.382606235,1.382606235,2.61,1.475161008,1.15,1.475161008,0,8.69,9.15,8.69,8,100
174,DXTUNGAF1C0122A,P0000000122,P000000122A,BACN,Triangular,Multi-grounded,2,ACSR,336.4,MCM,26-Jul,ACSR,2,AWG,06-Jan,1.382606235,1.382606235,2.61,1.475161008,1.15,1.475161008,0,8.69,9.15,8.69,8,100
175,DXTUNGAF1C0122-3,P0000000122,P0000000122-3,BN,Vertical,Multi-grounded,173,ACSR,2,AWG,06-Jan,ACSR,2,AWG,06-Jan,0,0,0,1.067073171,0,0,0,7.62195122,0,0,6.554878049,100
176,DXTUNGAF1C0122-3-2,P0000000122-3,P0000000122-3b,BN,Vertical,Multi-grounded,98,ACSR,2,AWG,06-Jan,ACSR,2,AWG,06-Jan,0,0,0,1.067073171,0,0,0,7.62195122,0,0,6.554878049,100
177,DXTUNGAF1C0122-4,P0000000122-3,P0000000122-4,BN,Vertical,Multi-grounded,60,ACSR,2,AWG,06-Jan,ACSR,2,AWG,06-Jan,0,0,0,1.067073171,0,0,0,7.62195122,0,0,6.554878049,100
178,DXTUNGAF1C00125,P0000000122,P0000000125,ABCN,Triangular,Multi-grounded,193,ACSR,336.4,MCM,26-Jul,ACSR,2,AWG,06-Jan,1.382606235,1.382606235,2.61,1.475161008,1.15,1.475161008,0,8.69,9.15,8.69,8,100
179,DXTUNGAF1C0125A,P0000000125,P000000125A,ABCN,Triangular,Multi-grounded,2,ACSR,336.4,MCM,26-Jul,ACSR,2,AWG,06-Jan,1.382606235,1.382606235,2.61,1.48,1.15,1.475161008,0,8.69,9.15,8.69,8,100
180,DXTUNGAF1C0126,P0000000125,P0000000126,ABCN,Triangular,Multi-grounded,45,ACSR,336.4,MCM,26-Jul,ACSR,2,AWG,06-Jan,1.382606235,1.382606235,2.61,1.48,1.15,1.475161008,0,8.69,9.15,8.69,8,100
181,DXTUNGAF1A0126-2,P0000000126,P0000000126-2,ABN,Horizontal,Multi-grounded,79,ACSR,2,AWG,06-Jan,ACSR,2,AWG,06-Jan,2.33739837,0,0,1.65435169,1.65435169,0,0,7.62195122,7.62195122,0,6.40243902,100
182,DXTUNGAF1A0126-6,P0000000126-2,P0000000126-6,ABN,Horizontal,Multi-grounded,204,ACSR,2,AWG,06-Jan,ACSR,2,AWG,06-Jan,2.33739837,0,0,1.65435169,1.65435169,0,0,7.62195122,7.62195122,0,6.40243902,100
183,DXTUNGAF1A0126-8,P0000000126-6,P0000000126-8,ABN,Horizontal,Multi-grounded,90,ACSR,2,AWG,06-Jan,ACSR,2,AWG,06-Jan,2.33739837,0,0,1.65,1.65435169,0,0,7.62195122,7.62195122,0,6.40243902,100
184,DXTUNGAF1A0126-8A,P0000000126-8,P0000000126-8A,BN,Vertical,Multi-grounded,56,ACSR,2,AWG,06-Jan,ACSR,2,AWG,06-Jan,0,0,0,1.07,0,0,0,7.62195122,0,0,6.554878049,100
185,DXTUNGAF1A0126-8B,P0000000126-8A,P0000000126-8B,BN,Vertical,Multi-grounded,52,ACSR,2,AWG,06-Jan,ACSR,2,AWG,06-Jan,0,0,0,1.07,0,0,0,7.62195122,0,0,6.554878049,100
186,DXTUNGAF1A0126-8B1,P0000000126-8B,P0000000126-8B1,BN,Vertical,Multi-grounded,2,ACSR,2,AWG,06-Jan,ACSR,2,AWG,06-Jan,0,0,0,1.07,0,0,0,7.62195122,0,0,6.554878049,100
187,DXTUNGAF1A0126-8B1,P0000000126-8,P0000000126-8a,AN,Horizontal,Multi-grounded,2,ACSR,2,AWG,06-Jan,ACSR,2,AWG,06-Jan,0,0,0,1.07,0,0,0,7.62195122,0,0,6.554878049,100
188,DXTUNGAF1A0126-8b,P0000000126-8a,P0000000126-8b,AN,Vertical,Multi-grounded,65,ACSR,2,AWG,06-Jan,ACSR,2,AWG,06-Jan,0,0,0,1.07,0,0,0,7.62195122,0,0,6.554878049,100
189,DXTUNGAF1A0126-10,P0000000126-8,P0000000126-10,AN,Vertical,Multi-grounded,90,ACSR,2,AWG,06-Jan,ACSR,2,AWG,06-Jan,0,0,0,1.067073171,0,0,0,7.62195122,0,0,6.554878049,100
190,DXTUNGAF1A0126-12,P0000000126-10,P0000000126-12,AN,Vertical,Multi-grounded,53,ACSR,2,AWG,06-Jan,ACSR,2,AWG,06-Jan,0,0,0,1.07,0,0,0,7.62195122,0,0,6.554878049,100
191,DXTUNGAF1A0128,P0000000126,P0000000128,ABCN,Triangular,Multi-grounded,94,ACSR,336.4,MCM,26-Jul,ACSR,2,AWG,06-Jan,1.382606235,1.382606235,2.61,1.48,1.15,1.475161008,0,8.69,9.15,8.69,8,100
192,DXTUNGAF1A0128-4,P0000000128,P0000000128-4,AN,Vertical,Multi-grounded,200,ACSR,2,AWG,06-Jan,ACSR,2,AWG,06-Jan,0,0,0,1.067073171,0,0,0,7.62195122,0,0,6.554878049,100
193,DXTUNGAF1A0128-4A,P0000000128-4,P0000000128-4A,AN,Vertical,Multi-grounded,2,ACSR,2,AWG,06-Jan,ACSR,2,AWG,06-Jan,0,0,0,1.067073171,0,0,0,7.62195122,0,0,6.554878049,100
194,DXTUNGAF1A0129,P0000000128,P0000000129,ABCN,Triangular,Multi-grounded,71,ACSR,336.4,MCM,26-Jul,ACSR,2,AWG,06-Jan,1.382606235,1.382606235,2.61,1.475161008,1.15,1.475161008,0,8.69,9.15,8.69,8,100
195,DXTUNGAF1C0130,P0000000129,P0000000130,ABCN,Triangular,Multi-grounded,35,ACSR,336.4,MCM,26-Jul,ACSR,2,AWG,06-Jan,1.382606235,1.382606235,2.61,1.475161008,1.15,1.475161008,0,8.69,9.15,8.69,8,100
196,DXTUNGAF1C0130-16,P0000000130,P0000000130-16,ABCN,Triangular,Multi-grounded,1168,ACSR,2/0,AWG,06-Jan,ACSR,2,AWG,06-Jan,1.382606235,1.382606235,2.61,1.475161008,1.15,1.475161008,0,8.69,9.15,8.69,8,100
197,DXTUNGAF1C0130-20,P0000000130-16,P0000000130-20,ABCN,Triangular,Multi-grounded,221,ACSR,2/0,AWG,06-Jan,ACSR,2,AWG,06-Jan,1.382606235,1.382606235,2.61,1.48,1.15,1.475161008,0,8.69,9.15,8.69,8,100
198,DXTUNGAF1C0130-25,P0000000130-20,P0000000130-25,ABCN,Triangular,Multi-grounded,330,ACSR,2/0,AWG,06-Jan,ACSR,2,AWG,06-Jan,1.382606235,1.382606235,2.61,1.475161008,1.15,1.475161008,0,8.69,9.15,8.69,8,100
199,DXTUNGAF1C0130-31,P0000000130-25,P0000000130-31,ABCN,Triangular,Multi-grounded,391,ACSR,2/0,AWG,06-Jan,ACSR,2,AWG,06-Jan,1.382606235,1.382606235,2.61,1.475161008,1.15,1.475161008,0,8.69,9.15,8.69,8,100
200,DXTUNGAF1C0130-31A,P0000000130-31,P0000000130-31A,ABCN,Triangular,Multi-grounded,2,ACSR,2/0,AWG,06-Jan,ACSR,2,AWG,06-Jan,1.382606235,1.382606235,2.61,1.475161008,1.15,1.475161008,0,8.69,9.15,8.69,8,100
201,DXTUNGAF1A0130-31-4,P0000000130-31A,P0000000130-31-4,AN,Vertical,Multi-grounded,226,ACSR,2,AWG,06-Jan,ACSR,2,AWG,06-Jan,0,0,0,1.067073171,0,0,0,7.62195122,0,0,6.554878049,100
202,DXTUNGAF1A0130-31-9,P0000000130-31-4,P0000000130-31-9,AN,Vertical,Multi-grounded,371,ACSR,2,AWG,06-Jan,ACSR,2,AWG,06-Jan,0,0,0,1.07,0,0,0,7.62195122,0,0,6.554878049,100
203,DXTUNGAF1C0130-49,P0000000130-31A,P0000000130-49,ABCN,Triangular,Multi-grounded,1233,ACSR,2/0,AWG,06-Jan,ACSR,2,AWG,06-Jan,1.382606235,1.382606235,2.61,1.48,1.15,1.475161008,0,8.69,9.15,8.69,8,100
204,DXTUNGAF1A0130-53,P0000000130-49,P0000000130-53,ABCN,Triangular,Multi-grounded,292,ACSR,2/0,AWG,06-Jan,ACSR,2,AWG,06-Jan,1.382606235,1.382606235,2.61,1.48,1.15,1.475161008,0,8.69,9.15,8.69,8,100
205,DXTUNGAF1A0130-53-8,P0000000130-53,P0000000130-53-8,CN,Vertical,Multi-grounded,516,ACSR,2,AWG,06-Jan,ACSR,2,AWG,06-Jan,0,0,0,1.07,0,0,0,7.62195122,0,0,6.554878049,100
206,DXTUNGAF1A0130-53-20,P0000000130-53-8,P0000000130-53-20,CN,Vertical,Multi-grounded,829,ACSR,2,AWG,06-Jan,ACSR,2,AWG,06-Jan,0,0,0,1.07,0,0,0,7.62195122,0,0,6.554878049,100
207,DXTUNGAF1A0130-53-20F,P0000000130-53-20,P0000000130-53-20F,CN,Vertical,Multi-grounded,473,ACSR,2,AWG,06-Jan,ACSR,2,AWG,06-Jan,0,0,0,1.07,0,0,0,7.62195122,0,0,6.554878049,100
208,DXTUNGAF1A0130-53-24,P0000000130-53-20,P0000000130-53-24,CN,Vertical,Multi-grounded,263,ACSR,2,AWG,06-Jan,ACSR,2,AWG,06-Jan,0,0,0,1.07,0,0,0,7.62195122,0,0,6.554878049,100
209,DXTUNGAF1A0130-53-38,P0000000130-53-24,P0000000130-53-38,CN,Vertical,Multi-grounded,933,ACSR,2,AWG,06-Jan,ACSR,2,AWG,06-Jan,0,0,0,1.07,0,0,0,7.62195122,0,0,6.554878049,100
210,DXTUNGAF1A0130-53-44,P0000000130-53-38,P0000000130-53-44,CN,Vertical,Multi-grounded,436,ACSR,2,AWG,06-Jan,ACSR,2,AWG,06-Jan,0,0,0,1.07,0,0,0,7.62195122,0,0,6.554878049,100
211,DXTUNGAF1A0130-56,P0000000130-53,P0000000130-56,ABCN,Triangular,Multi-grounded,178,ACSR,2/0,AWG,06-Jan,ACSR,2,AWG,06-Jan,1.382606235,1.382606235,2.61,1.48,1.15,1.475161008,0,8.69,9.15,8.69,8,100
212,DXTUNGAF1A0130-56-4,P0000000130-56,P0000000130-56-4,BN,Vertical,Multi-grounded,280,ACSR,2,AWG,06-Jan,ACSR,2,AWG,06-Jan,0,0,0,1.07,0,0,0,7.62195122,0,0,6.554878049,100
213,DXTUNGAF1A0130-56-12,P0000000130-56-4,P0000000130-56-12,BN,Vertical,Multi-grounded,584,ACSR,2,AWG,06-Jan,ACSR,2,AWG,06-Jan,0,0,0,1.07,0,0,0,7.62195122,0,0,6.554878049,100
214,DXTUNGAF1C0130-62,P0000000130-56,P0000000130-62,ABCN,Triangular,Multi-grounded,304,ACSR,2/0,AWG,06-Jan,ACSR,2,AWG,06-Jan,1.382606235,1.382606235,2.61,1.475161008,1.15,1.475161008,0,8.69,9.15,8.69,8,100
215,DXTUNGAF1C0130-63,P0000000130-62,P0000000130-63,ABCN,Triangular,Multi-grounded,59,ACSR,2/0,AWG,06-Jan,ACSR,2,AWG,06-Jan,1.382606235,1.382606235,2.61,1.475161008,1.15,1.475161008,0,8.69,9.15,8.69,8,100
216,DXTUNGAF1C0130-70,P0000000130-63,P0000000130-70,ABCN,Triangular,Multi-grounded,503,ACSR,2/0,AWG,06-Jan,ACSR,2,AWG,06-Jan,1.382606235,1.382606235,2.61,1.475161008,1.15,1.475161008,0,8.69,9.15,8.69,8,100
217,DXTUNGAF1A0130-88,P0000000130-70,P0000000130-88,ABCN,Triangular,Multi-grounded,1210,ACSR,2/0,AWG,06-Jan,ACSR,2,AWG,06-Jan,1.382606235,1.382606235,2.61,1.475161008,1.15,1.475161008,0,8.69,9.15,8.69,8,100
218,DXTUNGAF1A0130-88A,P0000000130-88,P0000000130-88A,ABCN,Triangular,Multi-grounded,2,ACSR,2/0,AWG,06-Jan,ACSR,2,AWG,06-Jan,1.382606235,1.382606235,2.61,1.475161008,1.15,1.475161008,0,8.69,9.15,8.69,8,100
219,DXTUNGAF1A0130-88-18,P0000000130-88A,P0000000130-88A-18,BN,Vertical,Multi-grounded,1354,ACSR,2,AWG,06-Jan,ACSR,2,AWG,06-Jan,0,0,0,1.067073171,0,0,0,7.62195122,0,0,6.554878049,100
220,DXTUNGAF1C0130-98,P0000000130-88A,P0000000130-98,ABCN,Triangular,Multi-grounded,590,ACSR,2/0,AWG,06-Jan,ACSR,2,AWG,06-Jan,1.382606235,1.382606235,2.61,1.48,1.15,1.475161008,0,8.69,9.15,8.69,8,100
221,DXTUNGAF1C0130-98A,P0000000130-98,P0000000130-98A,ABCN,Triangular,Multi-grounded,70,ACSR,2/0,AWG,06-Jan,ACSR,2,AWG,06-Jan,1.382606235,1.382606235,2.61,1.48,1.15,1.475161008,0,8.69,9.15,8.69,8,100
222,DXTUNGAF1C0130-117,P0000000130-98,P0000000130-117,ABCN,Triangular,Multi-grounded,1082,ACSR,2/0,AWG,06-Jan,ACSR,2,AWG,06-Jan,1.382606235,1.382606235,2.61,1.48,1.15,1.475161008,0,8.69,9.15,8.69,8,100
223,DXTUNGAF1C0132,P0000000130,P0000000132,ABCN,Triangular,Multi-grounded,110,ACSR,336.4,MCM,26-Jul,ACSR,2,AWG,06-Jan,1.382606235,1.382606235,2.61,1.475161008,1.15,1.475161008,0,8.69,9.15,8.69,8,100
224,DXTUNGAF1A0132-3,P0000000132,P0000000132-3,CN,Vertical,Multi-grounded,210,ACSR,2,AWG,06-Jan,ACSR,2,AWG,06-Jan,0,0,0,1.067073171,0,0,0,7.62195122,0,0,6.554878049,100
225,DXTUNGAF1A0132-3B,P0000000132-3,P0000000132-3B,CN,Vertical,Multi-grounded,140,ACSR,2,AWG,06-Jan,ACSR,2,AWG,06-Jan,0,0,0,1.067073171,0,0,0,7.62195122,0,0,6.554878049,100
226,DXTUNGAF1A0132-3D,P0000000132-3B,P0000000132-3D,CN,Vertical,Multi-grounded,140,ACSR,2,AWG,06-Jan,ACSR,2,AWG,06-Jan,0,0,0,1.067073171,0,0,0,7.62195122,0,0,6.554878049,100
227,DXTUNGAF1A0132-3D1,P0000000132-3D,P0000000132-3D1,CN,Vertical,Multi-grounded,70,ACSR,2,AWG,06-Jan,ACSR,2,AWG,06-Jan,0,0,0,1.067073171,0,0,0,7.62195122,0,0,6.554878049,100
228,DXTUNGAF1A0132-3E,P0000000132-3D,P0000000132-3E,CN,Vertical,Multi-grounded,70,ACSR,2,AWG,06-Jan,ACSR,2,AWG,06-Jan,0,0,0,1.07,0,0,0,7.62195122,0,0,6.554878049,100
229,DXTUNGAF1A0132-3G,P0000000132-3E,P0000000132-3G,CN,Vertical,Multi-grounded,70,ACSR,2,AWG,06-Jan,ACSR,2,AWG,06-Jan,0,0,0,1.07,0,0,0,7.62195122,0,0,6.554878049,100
230,DXTUNGAF1A0132-3H,P0000000132-3G,P0000000132-3H,CN,Vertical,Multi-grounded,70,ACSR,2,AWG,06-Jan,ACSR,2,AWG,06-Jan,0,0,0,1.067073171,0,0,0,7.62195122,0,0,6.554878049,100
231,DXTUNGAF1A0132-3H1,P0000000132-3H,P0000000132-3H1,CN,Vertical,Multi-grounded,70,ACSR,2,AWG,06-Jan,ACSR,2,AWG,06-Jan,0,0,0,1.067073171,0,0,0,7.62195122,0,0,6.554878049,100
232,DXTUNGAF1A0132-3I,P0000000132-3H,P0000000132-3I,CN,Vertical,Multi-grounded,70,ACSR,2,AWG,06-Jan,ACSR,2,AWG,06-Jan,0,0,0,1.067073171,0,0,0,7.62195122,0,0,6.554878049,100
233,DXTUNGAF1A0132-5,P0000000132-3,P0000000132-5,CN,Vertical,Multi-grounded,200,ACSR,2,AWG,06-Jan,ACSR,2,AWG,06-Jan,0,0,0,1.07,0,0,0,7.62195122,0,0,6.554878049,100
234,DXTUNGAF1A0132-9,P0000000132-5,P0000000132-9,CN,Vertical,Multi-grounded,214,ACSR,2,AWG,06-Jan,ACSR,2,AWG,06-Jan,0,0,0,1.067073171,0,0,0,7.62195122,0,0,6.554878049,100
235,DXTUNGAF1A0132-14,P0000000132-9,P0000000132-14,CN,Vertical,Multi-grounded,247,ACSR,2,AWG,06-Jan,ACSR,2,AWG,06-Jan,0,0,0,1.07,0,0,0,7.62195122,0,0,6.554878049,100
236,DXTUNGAF1C0134,P0000000132,P0000000134,ABCN,Triangular,Multi-grounded,141,ACSR,336.4,MCM,26-Jul,ACSR,2,AWG,06-Jan,1.382606235,1.382606235,2.61,1.475161008,1.15,1.475161008,0,8.69,9.15,8.69,8,100
237,DXTUNGAF1A0134-2,P0000000134,P0000000134-2,AN,Vertical,Multi-grounded,140,ACSR,2,AWG,06-Jan,ACSR,2,AWG,06-Jan,0,0,0,1.067073171,0,0,0,7.62195122,0,0,6.554878049,100
238,DXTUNGAF1C00136,P0000000134,P0000000136,ABCN,Triangular,Multi-grounded,117,ACSR,336.4,MCM,26-Jul,ACSR,2,AWG,06-Jan,1.382606235,1.382606235,2.61,1.475161008,1.15,1.475161008,0,8.69,9.15,8.69,8,100
239,DXTUNGAF1C00137,P0000000136,P0000000137,ABCN,Triangular,Multi-grounded,28,ACSR,2/0,AWG,06-Jan,ACSR,2,AWG,06-Jan,1.382606235,1.382606235,2.61,1.475161008,1.15,1.475161008,0,8.69,9.15,8.69,8,100
