latitude,longitude
11.25399649,124.746446
11.25457585,124.7460705
11.25516057,124.7457218
11.25577748,124.7453356
11.25638902,124.7449547
11.2570864,124.7445524
11.25771403,124.7442144
11.25836313,124.7438496
11.25897467,124.7435117
11.25960231,124.7431523
11.26019776,124.7428304
11.26082003,124.742471
11.2614423,124.7421169
11.26207531,124.7417468
11.26269221,124.7414088
11.26338959,124.7410172
11.26401722,124.7406739
11.26461804,124.7403306
11.26524568,124.7399551
11.26589477,124.739601
11.26650631,124.7392577
11.26712322,124.7388822
11.2677294,124.7385335
11.26834095,124.7382063
11.26895249,124.7378576
11.26960158,124.7375035
11.2702024,124.7371656
11.27084076,124.7368598
11.27137184,124.7363824
11.27185464,124.7358835
11.27237499,124.7353953
11.27293289,124.7348374
11.27342105,124.7343063
11.27393067,124.7337537
11.27441347,124.7332388
11.27494991,124.7326326
11.27545953,124.7321177
11.27596915,124.7315651
11.27646267,124.7310716
11.27702594,124.7305405
11.27754092,124.7300577
11.27808273,124.7295266
11.27858162,124.729017
11.27910733,124.7284806
11.2795794,124.7279549
11.28007829,124.7274506
11.28060401,124.7268873
11.2811029,124.726367
11.28161252,124.7257984
11.2820363,124.7251815
11.28245473,124.7245753
11.28288925,124.7239316
11.28333986,124.723202
11.2837261,124.7225475
11.28408551,124.7219253
11.28448248,124.7212547
11.2848419,124.7206056
11.28524959,124.7198921
11.28560901,124.7192752
11.28600061,124.7185725
11.28633857,124.7179663
11.28669798,124.7172368
11.28702521,124.7166145
11.28738999,124.7158903
11.28771186,124.7151983
11.28806055,124.7145438
11.28836095,124.7139269
11.28866136,124.7132778
11.28898859,124.7126341
11.28932118,124.7120064
11.28962696,124.7113574
11.29001319,124.7106171
11.29037261,124.7099733
11.2907052,124.7093564
11.29104853,124.7087181
11.29138649,124.7080797
11.29171908,124.7074628
11.29205167,124.7068512
11.29242182,124.70617
11.29279196,124.7054887
11.29311919,124.7048396
11.29345715,124.704212
11.29378974,124.7035789
11.29412234,124.7029084
11.2944442,124.70227
11.29471779,124.7015512
11.2950182,124.7008806
11.29530251,124.7002047
11.29554927,124.6995449
11.29582822,124.6988529
11.29609644,124.6982092
11.29638612,124.6975064
11.29667044,124.6968251
11.29693329,124.6961653
11.29723907,124.6954948
11.29752874,124.694851
11.29781842,124.6941698
11.2978828,124.6939605
11.29838169,124.6938264
11.29892886,124.6937513
11.2993902,124.6936762
11.29990518,124.6935958
11.30044162,124.6934938
11.30072594,124.6934563
11.30073667,124.6928716
11.30077958,124.692319
11.30085468,124.6918094
11.30089223,124.6914017
11.30094588,124.6910423
11.30095124,124.6910423
11.30099952,124.6907258
11.30101025,124.6903449
11.30103171,124.6899587
11.30105853,124.6895778
11.30052209,124.689551
11.30006611,124.6895134
11.29941165,124.6894813
11.29884839,124.6894437
11.29826367,124.6894062
11.29820466,124.6888161
11.29815638,124.688285
11.29810274,124.6877486
11.29806519,124.6873248
11.29802764,124.6868581
11.29799008,124.6864128
11.2979418,124.6858174
11.29790425,124.6854633
11.29786134,124.6849376
11.29781306,124.6844923
11.29777014,124.6839452
11.2977165,124.6833444
11.29766822,124.6828777
11.29791498,124.6821964
11.29826367,124.6815741
11.29860699,124.6809518
11.29893959,124.6803081
11.29896104,124.6796161
11.29901469,124.6788436
11.2990576,124.6781516
11.29910052,124.6774167
11.29914343,124.6767139
11.29920244,124.6760219
11.29920781,124.6753031
11.29895032,124.6740693
11.29880011,124.6733235
11.29864454,124.6726424
11.29842997,124.6719503
11.29817247,124.6712798
11.29796326,124.6706253
11.2977165,124.6699655
11.29745364,124.6692252
11.29721224,124.6685761
11.29697084,124.6678787
11.29670799,124.6671653
11.29645586,124.6664625
11.29623056,124.6657866
11.29599452,124.6650892
11.29577458,124.6643811
11.29556,124.6636784
11.29535079,124.6630025
11.29514158,124.6623319
11.29493237,124.6615809
11.29472315,124.6608943
11.29434764,124.660272
11.29404187,124.6596015
11.29392386,124.6589148
11.29377365,124.6581692
11.29360199,124.657284
11.29347324,124.6566081
11.2933284,124.6558625
11.29319429,124.6551865
11.29306555,124.6544784
11.29293144,124.6537811
11.29279196,124.6530837
11.29266858,124.6523649
11.29256666,124.6516514
11.29249692,124.6509486
11.29243791,124.6504605
11.29229307,124.6496934
11.29217506,124.6489584
11.29205167,124.6482557
11.29200339,124.6478963
11.29228234,124.6472311
11.29260421,124.6465659
11.2929368,124.6459115
11.2932533,124.6452516
11.2934196,124.6448493
11.29353225,124.6441358
11.29363418,124.6434116
11.29375219,124.6426928
11.29383802,124.6418881
11.29391313,124.6413839
11.29399359,124.6409386
11.29408479,124.6402144
11.29418135,124.639501
11.29422426,124.6390235
11.29431546,124.6384925
11.29442275,124.6377414
11.29455686,124.6370333
11.2946856,124.6363521
11.29479289,124.635644
11.29493237,124.6349304
11.29506111,124.6342492
11.29517913,124.6334821
11.29534006,124.6327794
11.2954849,124.6323234
11.2960428,124.6318084
11.29661679,124.6313524
11.29724443,124.6308267
11.29779697,124.6303976
11.2983495,124.6299416
11.29877329,124.6295607
11.29903615,124.62874
11.29919708,124.6280533
11.2993741,124.6273452
11.29955649,124.6266532
11.29974425,124.6259665
11.30000711,124.6252853
11.30030751,124.6246201
11.30059183,124.6239763
11.30083859,124.6234292
11.30134821,124.6229035
11.30183637,124.6223509
11.3023299,124.6217769
11.30278051,124.6212512
11.30310774,124.6208167
11.30349934,124.6200389
11.30390704,124.6193039
11.30427718,124.6186066
11.30460441,124.6179682
11.30485654,124.6172547
11.30491555,124.6165305
11.30504966,124.6158385
11.30517304,124.6151036
11.30529642,124.6143901
11.30540907,124.6137089
11.30552709,124.6130168
11.30563974,124.6123248
11.3057524,124.6116436
11.30584896,124.6109623
