Count,Primary Distribution Line  Segment ID,From_Bus_ID,To_Bus_ID,Phasing,Configuration,System Grounding Type,Length         (meters),Conductor Type,Conductor Size,Unit (C) ,Strands (C) ,Neutral Wire Type,Neutral Wire Size,Unit (NW),Strands (NW),Spacing D12 (meters),Spacing D23 (meters),Spacing D13 (meters),Spacing D1n (meters),Spacing D2n (meters),Spacing D3n (meters),Spacing DC1-C2       (meters),Height H1   (meters),Height H2   (meters),Height H3   (meters),Height Hn   (meters),Earth Resistivity (Ohm-meter),latitude,longitude,Feeder
1,DXTUNGF2AC001,P00000000,P00000001,ABCN,Triangular,Multi-grounded,80,ACSR,4/0,AWG,06-Jan,ACSR,2,AWG,06-Jan,1.382606235,1.382606235,2.61,1.475161008,1.15,1.475161008,0,8.69,9.15,8.69,8,100,11.25399649,124.746446,F1
2,DXTUNGF2AC007,P00000001,P00000001-7,ABCN,Triangular,Multi-grounded,610,ACSR,336.4,MCM,26-Jul,ACSR,2,AWG,06-Jan,1.382606235,1.382606235,2.61,1.475161008,1.15,1.475161008,0,8.69,9.15,8.69,8,100,11.25457585,124.7460705,F1
3,DXTUNGF2AC07A,P00000001-7,P00000001-7A,ABCN,Triangular,Multi-grounded,2,ACSR,336.4,MCM,26-Jul,ACSR,2,AWG,06-Jan,1.382606235,1.382606235,2.61,1.475161008,1.15,1.475161008,0,8.69,9.15,8.69,8,100,11.25516057,124.7457218,F1
4,DXTUNGF2AC009,P00000001-7,P00000001-9,ABCN,Triangular,Multi-grounded,96,ACSR,336.4,MCM,26-Jul,ACSR,2,AWG,06-Jan,1.382606235,1.382606235,2.61,1.475161008,1.15,1.475161008,0,8.69,9.15,8.69,8,100,11.25577748,124.7453356,F1
5,DXTUNGF2AC017,P00000001-9,P00000001-17,ABCN,Triangular,Multi-grounded,736,ACSR,336.4,MCM,26-Jul,ACSR,2,AWG,06-Jan,1.382606235,1.382606235,2.61,1.475161008,1.15,1.475161008,0,8.69,9.15,8.69,8,100,11.25638902,124.7449547,F1
6,DXTUNGF2AC019,P00000001-17,P00000001-19,ABCN,Triangular,Multi-grounded,166,ACSR,336.4,MCM,26-Jul,ACSR,2,AWG,06-Jan,1.382606235,1.382606235,2.61,1.475161008,1.15,1.475161008,0,8.69,9.15,8.69,8,100,11.2570864,124.7445524,F1
7,DXTUNGF2AA000019-10,P00000001-19,P00000001-19-10,CN,Vertical,Multi-grounded,573,ACSR,2,AWG,06-Jan,ACSR,2,AWG,06-Jan,0,0,0,1.07,0,0,0,7.62195122,0,0,6.554878049,100,11.25771403,124.7442144,F1
8,DXTUNGF2AA000019-38,P00000001-19-10,P00000001-19-38,CN,Vertical,Multi-grounded,1929,ACSR,2,AWG,06-Jan,ACSR,2,AWG,06-Jan,0,0,0,1.07,0,0,0,7.62195122,0,0,6.554878049,100,11.25836313,124.7438496,F1
9,DXTUNGF2AC024,P00000001-19,P00000001-24,ABCN,Triangular,Multi-grounded,393,ACSR,336.4,MCM,26-Jul,ACSR,2,AWG,06-Jan,1.382606235,1.382606235,2.61,1.475161008,1.15,1.475161008,0,8.69,9.15,8.69,8,100,11.25897467,124.7435117,F1
10,DXTUNGAF1C009,P00000001,P0000000009,ABCN,Triangular,Multi-grounded,516,ACSR,336.4,MCM,26-Jul,ACSR,2,AWG,06-Jan,1.382606235,1.382606235,2.61,1.475161008,1.15,1.475161008,0,8.69,9.15,8.69,8,100,11.25960231,124.7431523,F1
11,DXTUNGAF1C013,P0000000009,P0000000013,ABCN,Triangular,Multi-grounded,298,ACSR,336.4,MCM,26-Jul,ACSR,2,AWG,06-Jan,1.382606235,1.382606235,2.61,1.475161008,1.15,1.475161008,0,8.69,9.15,8.69,8,100,11.26019776,124.7428304,F1
12,DXTUNGAF1C015,P0000000013,P0000000015,ABCN,Triangular,Multi-grounded,183,ACSR,336.4,MCM,26-Jul,ACSR,2,AWG,06-Jan,1.382606235,1.382606235,2.61,1.475161008,1.15,1.475161008,0,8.69,9.15,8.69,8,100,11.26082003,124.742471,F1
13,DXTUNGAF1C016,P0000000015,P0000000016,ABCN,Triangular,Multi-grounded,83,ACSR,336.4,MCM,26-Jul,ACSR,2,AWG,06-Jan,1.382606235,1.382606235,2.61,1.475161008,1.15,1.475161008,0,8.69,9.15,8.69,8,100,11.2614423,124.7421169,F1
14,DXTUNGAF1A0016-13,P0000000016,P0000000016-13,BN,Vertical,Multi-grounded,888,ACSR,2,AWG,06-Jan,ACSR,2,AWG,06-Jan,0,0,0,1.07,0,0,0,7.62195122,0,0,6.554878049,100,11.26207531,124.7417468,F1
15,DXTUNGAF1C025,P0000000016,P0000000025,ABCN,Triangular,Multi-grounded,725,ACSR,336.4,MCM,26-Jul,ACSR,2,AWG,06-Jan,1.382606235,1.382606235,2.61,1.475161008,1.15,1.475161008,0,8.69,9.15,8.69,8,100,11.26269221,124.7414088,F1
16,DXTUNGAF1C034,P0000000025,P0000000034,ABCN,Triangular,Multi-grounded,733,ACSR,336.4,MCM,26-Jul,ACSR,2,AWG,06-Jan,1.382606235,1.382606235,2.61,1.475161008,1.15,1.475161008,0,8.69,9.15,8.69,8,100,11.26338959,124.7410172,F1
17,DXTUNGAF1C034A,P0000000034,P000000034A,ABCN,Triangular,Multi-grounded,2,ACSR,336.4,MCM,26-Jul,ACSR,2,AWG,06-Jan,1.382606235,1.382606235,2.61,1.475161008,1.15,1.475161008,0,8.69,9.15,8.69,8,100,11.26401722,124.7406739,F1
18,DXTUNGAF1C034A,P0000000034,P0000000034-7,BN,Vertical,Multi-grounded,611,ACSR,2,AWG,06-Jan,ACSR,2,AWG,06-Jan,0,0,0,1.07,0,0,0,7.62195122,0,0,6.554878049,100,11.26461804,124.7403306,F1
19,DXTUNGAF1A0034-7A,P0000000034-7,P0000000034-7A,BN,Vertical,Multi-grounded,38,ACSR,2,AWG,06-Jan,ACSR,2,AWG,06-Jan,0,0,0,1.07,0,0,0,7.62195122,0,0,6.554878049,100,11.26524568,124.7399551,F1
20,DXTUNGAF1A0034-9,P0000000034-7,P0000000034-9,BN,Vertical,Multi-grounded,70,ACSR,2,AWG,06-Jan,ACSR,2,AWG,06-Jan,0,0,0,1.07,0,0,0,7.62195122,0,0,6.554878049,100,11.26589477,124.739601,F1
21,DXTUNGAF1A0034-9a,P0000000034-9,P0000000034-9a,BN,Vertical,Multi-grounded,46,ACSR,2,AWG,06-Jan,ACSR,2,AWG,06-Jan,0,0,0,1.07,0,0,0,7.62195122,0,0,6.554878049,100,11.26650631,124.7392577,F1
22,DXTUNGAF1A0034-18,P0000000034-9,P0000000034-18,BN,Vertical,Multi-grounded,778,ACSR,2,AWG,06-Jan,ACSR,2,AWG,06-Jan,0,0,0,1.07,0,0,0,7.62195122,0,0,6.554878049,100,11.26712322,124.7388822,F1
23,DXTUNGAF1A0034-29,P0000000034-18,P0000000034-29,BN,Vertical,Multi-grounded,783,ACSR,2,AWG,06-Jan,ACSR,2,AWG,06-Jan,0,0,0,1.07,0,0,0,7.62195122,0,0,6.554878049,100,11.2677294,124.7385335,F1
24,DXTUNGAF1C038,P0000000034,P0000000038,ABCN,Triangular,Multi-grounded,308,ACSR,336.4,MCM,26-Jul,ACSR,2,AWG,06-Jan,1.382606235,1.382606235,2.61,1.475161008,1.15,1.475161008,0,8.69,9.15,8.69,8,100,11.26834095,124.7382063,F1
25,DXTUNGAF1C044,P0000000038,P0000000044,ABCN,Triangular,Multi-grounded,419,ACSR,336.4,MCM,26-Jul,ACSR,2,AWG,06-Jan,1.382606235,1.382606235,2.61,1.475161008,1.15,1.475161008,0,8.69,9.15,8.69,8,100,11.26895249,124.7378576,F1
26,DXTUNGAF1A0044-29,P0000000044,P0000000044-29,AN,Vertical,Multi-grounded,2672,ACSR,2,AWG,06-Jan,ACSR,2,AWG,06-Jan,0,0,0,1.07,0,0,0,7.62195122,0,0,6.554878049,100,11.26960158,124.7375035,F1
27,DXTUNGAF1A0044-64,P0000000044-29,P0000000044-64,AN,Vertical,Multi-grounded,1040,ACSR,2,AWG,06-Jan,ACSR,2,AWG,06-Jan,0,0,0,1.07,0,0,0,7.62195122,0,0,6.554878049,100,11.2702024,124.7371656,F1
28,DXTUNGAF1C0045,P0000000044,P0000000045,ABCN,Triangular,Multi-grounded,56,ACSR,336.4,MCM,26-Jul,ACSR,2,AWG,06-Jan,1.382606235,1.382606235,2.61,1.475161008,1.15,1.475161008,0,8.69,9.15,8.69,8,100,11.27084076,124.7368598,F1
29,DXTUNGAF1C0046,P0000000045,P0000000046,ABCN,Triangular,Multi-grounded,56,ACSR,336.4,MCM,26-Jul,ACSR,2,AWG,06-Jan,1.382606235,1.382606235,2.61,1.475161008,1.15,1.475161008,0,8.69,9.15,8.69,8,100,11.27137184,124.7363824,F1
30,DXTUNGAF1A0046-22,P0000000046,P0000000046-22,AN,Vertical,Multi-grounded,1338,ACSR,2,AWG,06-Jan,ACSR,2,AWG,06-Jan,0,0,0,1.07,0,0,0,7.62195122,0,0,6.554878049,100,11.27185464,124.7358835,F1
31,DXTUNGAF1C0049,P0000000046,P0000000049,ABCN,Triangular,Multi-grounded,307,ACSR,336.4,MCM,26-Jul,ACSR,2,AWG,06-Jan,1.382606235,1.382606235,2.61,1.475161008,1.15,1.475161008,0,8.69,9.15,8.69,8,100,11.27237499,124.7353953,F1
32,DXTUNGAF1C0049A,P0000000049,P0000000049A,ABCN,Triangular,Multi-grounded,2,ACSR,336.4,MCM,26-Jul,ACSR,2,AWG,06-Jan,1.382606235,1.382606235,2.61,1.475161008,1.15,1.475161008,0,8.69,9.15,8.69,8,100,11.27293289,124.7348374,F1
33,DXTUNGAF1A0049-3,P0000000049,P0000000049-3,BN,Vertical,Multi-grounded,250,ACSR,2,AWG,06-Jan,ACSR,2,AWG,06-Jan,0,0,0,1.07,0,0,0,7.62195122,0,0,6.554878049,100,11.27342105,124.7343063,F1
34,DXTUNGAF1C0054,P0000000049,P0000000054,ABCN,Triangular,Multi-grounded,363,ACSR,336.4,MCM,26-Jul,ACSR,2,AWG,06-Jan,1.382606235,1.382606235,2.61,1.475161008,1.15,1.475161008,0,8.69,9.15,8.69,8,100,11.27393067,124.7337537,F1
35,DXTUNGAF1C054A,P0000000054,P000000054A,ABCN,Triangular,Multi-grounded,2,ACSR,336.4,MCM,26-Jul,ACSR,2,AWG,06-Jan,1.382606235,1.382606235,2.61,1.475161008,1.15,1.475161008,0,8.69,9.15,8.69,8,100,11.27441347,124.7332388,F1
36,DXTUNGAF1C054-20,P0000000054,P0000000054-20,BN,Vertical,Multi-grounded,1443,ACSR,2,AWG,06-Jan,ACSR,2,AWG,06-Jan,0,0,0,1.07,0,0,0,7.62195122,0,0,6.554878049,100,11.27494991,124.7326326,F1
37,DXTUNGAF1C0065,P0000000054,P0000000065,ABCN,Triangular,Multi-grounded,834,ACSR,336.4,MCM,26-Jul,ACSR,2,AWG,06-Jan,1.382606235,1.382606235,2.61,1.475161008,1.15,1.475161008,0,8.69,9.15,8.69,8,100,11.27545953,124.7321177,F1
38,DXTUNGAF1C072,P0000000065,P0000000072,ABCN,Triangular,Multi-grounded,536,ACSR,336.4,MCM,26-Jul,ACSR,2,AWG,06-Jan,1.382606235,1.382606235,2.61,1.475161008,1.15,1.475161008,0,8.69,9.15,8.69,8,100,11.27596915,124.7315651,F1
39,DXTUNGAF1A0072-7,P0000000072,P0000000072-7,AN,Vertical,Multi-grounded,433,ACSR,2,AWG,06-Jan,ACSR,2,AWG,06-Jan,0,0,0,1.07,0,0,0,7.62195122,0,0,6.554878049,100,11.27646267,124.7310716,F1
40,DXTUNGAF1A0073,P0000000072,P0000000073,ABCN,Triangular,Multi-grounded,45,ACSR,336.4,MCM,26-Jul,ACSR,2,AWG,06-Jan,1.382606235,1.382606235,2.61,1.475161008,1.15,1.475161008,0,8.69,9.15,8.69,8,100,11.27702594,124.7305405,F1
41,DXTUNGAF1A0076,P0000000073,P0000000076,ABCN,Triangular,Multi-grounded,240,ACSR,336.4,MCM,26-Jul,ACSR,2,AWG,06-Jan,1.382606235,1.382606235,2.61,1.475161008,1.15,1.475161008,0,8.69,9.15,8.69,8,100,11.27754092,124.7300577,F1
42,DXTUNGAF1C090,P0000000073,P0000000090,ABCN,Triangular,Multi-grounded,1404,ACSR,336.4,MCM,26-Jul,ACSR,2,AWG,06-Jan,1.382606235,1.382606235,2.61,1.475161008,1.15,1.475161008,0,8.69,9.15,8.69,8,100,11.27808273,124.7295266,F1
43,DXTUNGAF1C091A,P0000000090,P0000000091,ABCN,Triangular,Multi-grounded,26,ACSR,336.4,MCM,26-Jul,ACSR,2,AWG,06-Jan,1.382606235,1.382606235,2.61,1.475161008,1.15,1.475161008,0,8.69,9.15,8.69,8,100,11.27858162,124.729017,F1
44,DXTUNGAF1A091,P0000000091,P000000091A,ABCN,Triangular,Multi-grounded,2,ACSR,336.4,MCM,26-Jul,ACSR,2,AWG,06-Jan,1.382606235,1.382606235,2.61,1.475161008,1.15,1.475161008,0,8.69,9.15,8.69,8,100,11.27910733,124.7284806,F1
45,DXTUNGAF1C091B,P000000091A,P000000091B,ABCN,Triangular,Multi-grounded,2,ACSR,336.4,MCM,26-Jul,ACSR,2,AWG,06-Jan,1.382606235,1.382606235,2.61,1.475161008,1.15,1.475161008,0,8.69,9.15,8.69,8,100,11.2795794,124.7279549,F1
46,DXTUNGAF1C0092,P0000000091,P0000000092,ABCN,Triangular,Multi-grounded,60,ACSR,336.4,MCM,26-Jul,ACSR,2,AWG,06-Jan,1.382606235,1.382606235,2.61,1.475161008,1.15,1.475161008,0,8.69,9.15,8.69,8,100,11.28007829,124.7274506,F1
47,DXTUNGAF1C092A,P0000000092,P000000092A,ABCN,Triangular,Multi-grounded,40,ACSR,336.4,MCM,26-Jul,ACSR,2,AWG,06-Jan,1.382606235,1.382606235,2.61,1.475161008,1.15,1.475161008,0,8.69,9.15,8.69,8,100,11.28060401,124.7268873,F1
48,DXTUNGAF1C092B,P000000092A,P000000092B,ABCN,Triangular,Multi-grounded,2,ACSR,336.4,MCM,26-Jul,ACSR,2,AWG,06-Jan,1.382606235,1.382606235,2.61,1.475161008,1.15,1.475161008,0,8.69,9.15,8.69,8,100,11.2811029,124.726367,F1
49,DXTUNGAF1C0092-2,P0000000092,P0000000092-2,ABCN,Triangular,Multi-grounded,98,ACSR,2,AWG,06-Jan,ACSR,2,AWG,06-Jan,1.382606235,1.382606235,2.61,1.475161008,1.15,1.475161008,0,8.69,9.15,8.69,8,100,11.28161252,124.7257984,F1
50,DXTUNGAF1A0092-5,P0000000092-2,P0000000092-5,BN,Vertical,Multi-grounded,140,ACSR,2,AWG,06-Jan,ACSR,2,AWG,06-Jan,0,0,0,1.07,0,0,0,7.62195122,0,0,6.554878049,100,11.2820363,124.7251815,F1
51,DXTUNGAF1A0092-7,P0000000092-5,P0000000092-7,BN,Vertical,Multi-grounded,75,ACSR,2,AWG,06-Jan,ACSR,2,AWG,06-Jan,0,0,0,1.07,0,0,0,7.62195122,0,0,6.554878049,100,11.28245473,124.7245753,F1
52,DXTUNGAF1A0092-8,P0000000092-7,P0000000092-8,BN,Vertical,Multi-grounded,127,ACSR,2,AWG,06-Jan,ACSR,2,AWG,06-Jan,0,0,0,1.07,0,0,0,7.62195122,0,0,6.554878049,100,11.28288925,124.7239316,F1
53,DXTUNGAF1A0092-9,P0000000092-8,P0000000092-9,BN,Vertical,Multi-grounded,72,ACSR,2,AWG,06-Jan,ACSR,2,AWG,06-Jan,0,0,0,1.07,0,0,0,7.62195122,0,0,6.554878049,100,11.28333986,124.723202,F1
54,DXTUNGAF1C0093,P0000000092,P0000000093,ABCN,Triangular,Multi-grounded,82,ACSR,336.4,MCM,26-Jul,ACSR,2,AWG,06-Jan,1.382606235,1.382606235,2.61,1.475161008,1.15,1.475161008,0,8.69,9.15,8.69,8,100,11.2837261,124.7225475,F1
55,DXTUNGAF1C094A,P0000000093,P0000000094,ABCN,Triangular,Multi-grounded,95,ACSR,336.4,MCM,26-Jul,ACSR,2,AWG,06-Jan,1.382606235,1.382606235,2.61,1.475161008,1.15,1.475161008,0,8.69,9.15,8.69,8,100,11.28408551,124.7219253,F1
56,DXTUNGAF1C0094,P0000000094,P000000094A,ABCN,Triangular,Multi-grounded,2,ACSR,336.4,MCM,26-Jul,ACSR,2,AWG,06-Jan,1.382606235,1.382606235,2.61,1.475161008,1.15,1.475161008,0,8.69,9.15,8.69,8,100,11.28448248,124.7212547,F1
57,DXTUNGAF1C094B,P000000094A,P000000094B,ABCN,Triangular,Multi-grounded,2,ACSR,336.4,MCM,26-Jul,ACSR,2,AWG,06-Jan,1.382606235,1.382606235,2.61,1.475161008,1.15,1.475161008,0,8.69,9.15,8.69,8,100,11.2848419,124.7206056,F1
58,DXTUNGAF1C094C,P000000094B,P000000094C,ABCN,Triangular,Multi-grounded,2,ACSR,336.4,MCM,26-Jul,ACSR,2,AWG,06-Jan,1.382606235,1.382606235,2.61,1.475161008,1.15,1.475161008,0,8.69,9.15,8.69,8,100,11.28524959,124.7198921,F1
59,DXTUNGAF1C095,P0000000094,P0000000095,ABCN,Triangular,Multi-grounded,88,ACSR,336.4,MCM,26-Jul,ACSR,2,AWG,06-Jan,1.382606235,1.382606235,2.61,1.475161008,1.15,1.475161008,0,8.69,9.15,8.69,8,100,11.28560901,124.7192752,F1
60,DXTUNGAF1A0095-7,P0000000095,P0000000095-7,CN,Vertical,Multi-grounded,356,ACSR,2,AWG,06-Jan,ACSR,2,AWG,06-Jan,0,0,0,1.07,0,0,0,7.62195122,0,0,6.554878049,100,11.28600061,124.7185725,F1
61,DXTUNGAF1A0099,P0000000095,P0000000099,ABCN,Triangular,Multi-grounded,288,ACSR,336.4,MCM,26-Jul,ACSR,2,AWG,06-Jan,1.382606235,1.382606235,2.61,1.475161008,1.15,1.475161008,0,8.69,9.15,8.69,8,100,11.28633857,124.7179663,F1
62,DXTUNGAF1C0100,P0000000099,P0000000100,ABCN,Triangular,Multi-grounded,44,ACSR,336.4,MCM,26-Jul,ACSR,2,AWG,06-Jan,1.382606235,1.382606235,2.61,1.475161008,1.15,1.475161008,0,8.69,9.15,8.69,8,100,11.28669798,124.7172368,F1
63,DXTUNGAF1C0100A,P0000000100,P000000100A,ABCN,Triangular,Multi-grounded,2,ACSR,336.4,MCM,26-Jul,ACSR,2,AWG,06-Jan,1.382606235,1.382606235,2.61,1.475161008,1.15,1.475161008,0,8.69,9.15,8.69,8,100,11.28702521,124.7166145,F1
64,DXTUNGAF1C0100B,P000000100A,P000000100B,ABCN,Triangular,Multi-grounded,2,ACSR,336.4,MCM,26-Jul,ACSR,2,AWG,06-Jan,1.382606235,1.382606235,2.61,1.475161008,1.15,1.475161008,0,8.69,9.15,8.69,8,100,11.28738999,124.7158903,F1
65,DXTUNGAF1C0100-1,P0000000100,P0000000100-1,CN,Vertical,Multi-grounded,58,ACSR,2,AWG,06-Jan,ACSR,2,AWG,06-Jan,0,0,0,1.07,0,0,0,7.62195122,0,0,6.554878049,100,11.28771186,124.7151983,F1
66,DXTUNGAF1A0100-2,P0000000100-1,P0000000100-2,CN,Vertical,Multi-grounded,67,ACSR,2,AWG,06-Jan,ACSR,2,AWG,06-Jan,0,0,0,1.07,0,0,0,7.62195122,0,0,6.554878049,100,11.28806055,124.7145438,F1
67,DXTUNGAF1A0100-6,P0000000100-2,P0000000100-6,CN,Vertical,Multi-grounded,270,ACSR,2,AWG,06-Jan,ACSR,2,AWG,06-Jan,0,0,0,1.07,0,0,0,7.62195122,0,0,6.554878049,100,11.28836095,124.7139269,F1
68,DXTUNGAF1A0100-6A,P0000000100-6,P0000000100-6A,CN,Vertical,Multi-grounded,2,ACSR,2,AWG,06-Jan,ACSR,2,AWG,06-Jan,0,0,0,1.07,0,0,0,7.62195122,0,0,6.554878049,100,11.28866136,124.7132778,F1
69,DXTUNGAF1A0100-7,P0000000100-6,P0000000100-7,CN,Vertical,Multi-grounded,63,ACSR,2,AWG,06-Jan,ACSR,2,AWG,06-Jan,0,0,0,1.07,0,0,0,7.62195122,0,0,6.554878049,100,11.28898859,124.7126341,F1
70,DXTUNGAF1A0100-13,P0000000100-7,P0000000100-13,CN,Vertical,Multi-grounded,493,ACSR,2,AWG,06-Jan,ACSR,2,AWG,06-Jan,0,0,0,1.07,0,0,0,7.62195122,0,0,6.554878049,100,11.28932118,124.7120064,F1
71,DXTUNGAF1A0100-13m,P0000000100-13,P0000000100-13m,CN,Vertical,Multi-grounded,885,ACSR,2,AWG,06-Jan,ACSR,2,AWG,06-Jan,0,0,0,1.07,0,0,0,7.62195122,0,0,6.554878049,100,11.28962696,124.7113574,F1
72,DXTUNGAF1A0100-13ag,P0000000100-13m,P0000000100-13ag,CN,Vertical,Multi-grounded,1741,ACSR,2,AWG,06-Jan,ACSR,2,AWG,06-Jan,0,0,0,1.07,0,0,0,7.62195122,0,0,6.554878049,100,11.29001319,124.7106171,F1
73,DXTUNGAF1A0100-13ag6,P0000000100-13ag,P0000000100-13ag6,CN,Vertical,Multi-grounded,491,ACSR,2,AWG,06-Jan,ACSR,2,AWG,06-Jan,0,0,0,1.07,0,0,0,7.62195122,0,0,6.554878049,100,11.29037261,124.7099733,F1
74,DXTUNGAF1A0100-13ar,P0000000100-13ag,P0000000100-13ar,CN,Vertical,Multi-grounded,937,ACSR,2,AWG,06-Jan,ACSR,2,AWG,06-Jan,0,0,0,1.07,0,0,0,7.62195122,0,0,6.554878049,100,11.2907052,124.7093564,F1
75,DXTUNGAF1A0100-13ax,P0000000100-13ar,P0000000100-13ax,CN,Vertical,Multi-grounded,429,ACSR,2,AWG,06-Jan,ACSR,2,AWG,06-Jan,0,0,0,1.07,0,0,0,7.62195122,0,0,6.554878049,100,11.29104853,124.7087181,F1
76,DXTUNGAF1A0100-13ax15,P0000000100-13ax,P0000000100-13ax15,CN,Vertical,Multi-grounded,1106,ACSR,2,AWG,06-Jan,ACSR,2,AWG,06-Jan,0,0,0,1.07,0,0,0,7.62195122,0,0,6.554878049,100,11.29138649,124.7080797,F1
77,DXTUNGAF1A0100-13bj,P0000000100-13ax,P0000000100-13bj,CN,Vertical,Multi-grounded,1098,ACSR,2,AWG,06-Jan,ACSR,2,AWG,06-Jan,0,0,0,1.07,0,0,0,7.62195122,0,0,6.554878049,100,11.29171908,124.7074628,F1
78,DXTUNGAF1A0100-16,P0000000100-13,P0000000100-16,CN,Vertical,Multi-grounded,187,ACSR,2,AWG,06-Jan,ACSR,2,AWG,06-Jan,0,0,0,1.07,0,0,0,7.62195122,0,0,6.554878049,100,11.29205167,124.7068512,F1
79,DXTUNGAF1A0100-20,P0000000100-16,P0000000100-20,CN,Vertical,Multi-grounded,220,ACSR,2,AWG,06-Jan,ACSR,2,AWG,06-Jan,0,0,0,1.07,0,0,0,7.62195122,0,0,6.554878049,100,11.29242182,124.70617,F1
80,DXTUNGAF1A0100-28,P0000000100-20,P0000000100-28,CN,Vertical,Multi-grounded,531,ACSR,2,AWG,06-Jan,ACSR,2,AWG,06-Jan,0,0,0,1.07,0,0,0,7.62195122,0,0,6.554878049,100,11.29279196,124.7054887,F1
81,DXTUNGAF1A0100-30,P0000000100-28,P0000000100-30,CN,Vertical,Multi-grounded,138,ACSR,2,AWG,06-Jan,ACSR,2,AWG,06-Jan,0,0,0,1.07,0,0,0,7.62195122,0,0,6.554878049,100,11.29311919,124.7048396,F1
82,DXTUNGAF1A0100-30i,P0000000100-30,P0000000100-30i,CN,Vertical,Multi-grounded,766,ACSR,2,AWG,06-Jan,ACSR,2,AWG,06-Jan,0,0,0,1.07,0,0,0,7.62195122,0,0,6.554878049,100,11.29345715,124.704212,F1
83,DXTUNGAF1A0100-39,P0000000100-30,P0000000100-39,CN,Vertical,Multi-grounded,643,ACSR,2,AWG,06-Jan,ACSR,2,AWG,06-Jan,0,0,0,1.07,0,0,0,7.62195122,0,0,6.554878049,100,11.29378974,124.7035789,F1
84,DXTUNGAF1A0100-39h,P0000000100-39,P0000000100-39h,CN,Vertical,Multi-grounded,616,ACSR,2,AWG,06-Jan,ACSR,2,AWG,06-Jan,0,0,0,1.07,0,0,0,7.62195122,0,0,6.554878049,100,11.29412234,124.7029084,F1
85,DXTUNGAF1A0100-39x,P0000000100-39h,P0000000100-39X,CN,Vertical,Multi-grounded,1342,ACSR,2,AWG,06-Jan,ACSR,2,AWG,06-Jan,0,0,0,1.07,0,0,0,7.62195122,0,0,6.554878049,100,11.2944442,124.70227,F1
86,DXTUNGAF1A0100-42,P0000000100-39,P0000000100-42,CN,Vertical,Multi-grounded,180,ACSR,2,AWG,06-Jan,ACSR,2,AWG,06-Jan,0,0,0,1.07,0,0,0,7.62195122,0,0,6.554878049,100,11.29471779,124.7015512,F1
87,DXTUNGAF1A0100-43,P0000000100-42,P0000000100-43,CN,Vertical,Multi-grounded,67,ACSR,2,AWG,06-Jan,ACSR,2,AWG,06-Jan,0,0,0,1.07,0,0,0,7.62195122,0,0,6.554878049,100,11.2950182,124.7008806,F1
88,DXTUNGAF1A0100-50,P0000000100-43,P0000000100-50,CN,Vertical,Multi-grounded,465,ACSR,2,AWG,06-Jan,ACSR,2,AWG,06-Jan,0,0,0,1.07,0,0,0,7.62195122,0,0,6.554878049,100,11.29530251,124.7002047,F1
89,DXTUNGAF1A0100-55,P0000000100-50,P0000000100-55,CN,Vertical,Multi-grounded,403,ACSR,2,AWG,06-Jan,ACSR,2,AWG,06-Jan,0,0,0,1.07,0,0,0,7.62195122,0,0,6.554878049,100,11.29554927,124.6995449,F1
90,DXTUNGAF1A0100-55-4,P0000000100-55,P0000000100-55-4,CN,Vertical,Multi-grounded,260,ACSR,2,AWG,06-Jan,ACSR,2,AWG,06-Jan,0,0,0,1.07,0,0,0,7.62195122,0,0,6.554878049,100,11.29582822,124.6988529,F1
91,DXTUNGAF1A0100-58,P0000000100-55,P0000000100-58,CN,Vertical,Multi-grounded,182,ACSR,2,AWG,06-Jan,ACSR,2,AWG,06-Jan,0,0,0,1.07,0,0,0,7.62195122,0,0,6.554878049,100,11.29609644,124.6982092,F1
92,DXTUNGAF1A0100-66,P0000000100-58,P0000000100-66,CN,Vertical,Multi-grounded,506,ACSR,2,AWG,06-Jan,ACSR,2,AWG,06-Jan,0,0,0,1.07,0,0,0,7.62195122,0,0,6.554878049,100,11.29638612,124.6975064,F1
93,DXTUNGAF1A0100-71,P0000000100-66,P0000000100-71,CN,Vertical,Multi-grounded,341,ACSR,2,AWG,06-Jan,ACSR,2,AWG,06-Jan,0,0,0,1.07,0,0,0,7.62195122,0,0,6.554878049,100,11.29667044,124.6968251,F1
94,DXTUNGAF1A0100-71-3,P0000000100-71,P0000000100-71-3,CN,Vertical,Multi-grounded,161,ACSR,2,AWG,06-Jan,ACSR,2,AWG,06-Jan,0,0,0,1.07,0,0,0,7.62195122,0,0,6.554878049,100,11.29693329,124.6961653,F1
95,DXTUNGAF1A0100-72,P0000000100-71,P0000000100-72,CN,Vertical,Multi-grounded,73,ACSR,2,AWG,06-Jan,ACSR,2,AWG,06-Jan,0,0,0,1.07,0,0,0,7.62195122,0,0,6.554878049,100,11.29723907,124.6954948,F1
96,DXTUNGAF1A0100-72M,P0000000100-72,P0000000100-72M,CN,Vertical,Multi-grounded,972,ACSR,2,AWG,06-Jan,ACSR,2,AWG,06-Jan,0,0,0,1.07,0,0,0,7.62195122,0,0,6.554878049,100,11.29752874,124.694851,F1
97,DXTUNGAF1A0100-72Q,P0000000100-72M,P0000000100-72Q,CN,Vertical,Multi-grounded,403,ACSR,2,AWG,06-Jan,ACSR,2,AWG,06-Jan,0,0,0,1.07,0,0,0,7.62195122,0,0,6.554878049,100,11.29781842,124.6941698,F1
98,DXTUNGAF1A0100-72Q8,P0000000100-72Q,P0000000100-72Q8,CN,Vertical,Multi-grounded,528,ACSR,2,AWG,06-Jan,ACSR,2,AWG,06-Jan,0,0,0,1.07,0,0,0,7.62195122,0,0,6.554878049,100,11.2978828,124.6939605,F1
99,DXTUNGAF1A0100-72Q8c,P0000000100-72Q8,P0000000100-72Q8c,CN,Vertical,Multi-grounded,193,ACSR,2,AWG,06-Jan,ACSR,2,AWG,06-Jan,0,0,0,1.07,0,0,0,7.62195122,0,0,6.554878049,100,11.29838169,124.6938264,F1
100,DXTUNGAF1A0100-72Q12,P0000000100-72Q8,P0000000100-72Q12,CN,Vertical,Multi-grounded,238,ACSR,2,AWG,06-Jan,ACSR,2,AWG,06-Jan,0,0,0,1.07,0,0,0,7.62195122,0,0,6.554878049,100,11.29892886,124.6937513,F1
101,DXTUNGAF1A0100-72Y,P0000000100-72Q,P0000000100-72Y,CN,Vertical,Multi-grounded,703,ACSR,2,AWG,06-Jan,ACSR,2,AWG,06-Jan,0,0,0,1.07,0,0,0,7.62195122,0,0,6.554878049,100,11.2993902,124.6936762,F1
102,DXTUNGAF1A0100-74,P0000000100-72,P0000000100-74,CN,Vertical,Multi-grounded,114,ACSR,2,AWG,06-Jan,ACSR,2,AWG,06-Jan,0,0,0,1.07,0,0,0,7.62195122,0,0,6.554878049,100,11.29990518,124.6935958,F1
103,DXTUNGAF1A0100-79,P0000000100-74,P0000000100-79,CN,Vertical,Multi-grounded,298,ACSR,2,AWG,06-Jan,ACSR,2,AWG,06-Jan,0,0,0,1.07,0,0,0,7.62195122,0,0,6.554878049,100,11.30044162,124.6934938,F1
104,DXTUNGAF1A0100-85,P0000000100-79,P0000000100-85,CN,Vertical,Multi-grounded,349,ACSR,2,AWG,06-Jan,ACSR,2,AWG,06-Jan,0,0,0,1.07,0,0,0,7.62195122,0,0,6.554878049,100,11.30072594,124.6934563,F1
105,DXTUNGAF1C0102,P0000000100,P0000000102,ABCN,Triangular,Multi-grounded,146,ACSR,336.4,MCM,26-Jul,ACSR,2,AWG,06-Jan,1.382606235,1.382606235,2.61,1.475161008,1.15,1.475161008,0,8.69,9.15,8.69,8,100,11.30073667,124.6928716,F1
106,DXTUNGAF1C0106,P0000000102,P0000000106,ABCN,Triangular,Multi-grounded,250,ACSR,336.4,MCM,26-Jul,ACSR,2,AWG,06-Jan,1.382606235,1.382606235,2.61,1.475161008,1.15,1.475161008,0,8.69,9.15,8.69,8,100,11.30077958,124.692319,F1
107,DXTUNGAF1C0106A,P0000000106,P000000106A,ABCN,Triangular,Multi-grounded,2,ACSR,336.4,MCM,26-Jul,ACSR,2,AWG,06-Jan,1.382606235,1.382606235,2.61,1.475161008,1.15,1.475161008,0,8.69,9.15,8.69,8,100,11.30085468,124.6918094,F1
108,DXTUNGAF1C0106-1,P0000000106,P0000000106-1,BN,Vertical,Multi-grounded,81,ACSR,2,AWG,06-Jan,ACSR,2,AWG,06-Jan,0,0,0,1.07,0,0,0,7.62195122,0,0,6.554878049,100,11.30089223,124.6914017,F1
109,DXTUNGAF1C0106-2,P0000000106-1,P0000000106-2,BN,Vertical,Multi-grounded,81,ACSR,2,AWG,06-Jan,ACSR,2,AWG,06-Jan,0,0,0,1.07,0,0,0,7.62195122,0,0,6.554878049,100,11.30094588,124.6910423,F1
110,DXTUNGAF1C0108,P0000000106,P0000000108,ABCN,Triangular,Multi-grounded,148,ACSR,336.4,MCM,26-Jul,ACSR,2,AWG,06-Jan,1.382606235,1.382606235,2.61,1.475161008,1.15,1.475161008,0,8.69,9.15,8.69,8,100,11.30095124,124.6910423,F1
111,DXTUNGAF1C0108-4,P0000000108,P0000000108-4,ABCN,Triangular,Multi-grounded,229,ACSR,2/0,AWG,06-Jan,ACSR,2,AWG,06-Jan,1.382606235,1.382606235,2.61,1.475161008,1.15,1.475161008,0,8.69,9.15,8.69,8,100,11.30099952,124.6907258,F1
112,DXTUNGAF1C0108-4A,P0000000108-4,P0000000108-4A,ABCN,Triangular,Multi-grounded,2,ACSR,2/0,AWG,06-Jan,ACSR,2,AWG,06-Jan,1.382606235,1.382606235,2.61,1.475161008,1.15,1.475161008,0,8.69,9.15,8.69,8,100,11.30101025,124.6903449,F1
113,DXTUNGAF1C0108-4b,P0000000108-4,P0000000108-4b,AN,Vertical,Multi-grounded,90,ACSR,2,AWG,06-Jan,ACSR,2,AWG,06-Jan,0,0,0,1.07,0,0,0,7.62195122,0,0,6.554878049,100,11.30103171,124.6899587,F1
114,DXTUNGAF1C0108-5,P0000000108-4,P0000000108-5,ABCN,Triangular,Multi-grounded,55,ACSR,2/0,AWG,06-Jan,ACSR,2,AWG,06-Jan,1.382606235,1.382606235,2.61,1.475161008,1.15,1.475161008,0,8.69,9.15,8.69,8,100,11.30105853,124.6895778,F1
115,DXTUNGAF1C0108-7A,P0000000108-5,P0000000108-7,ABCN,Triangular,Multi-grounded,135,ACSR,2/0,AWG,06-Jan,ACSR,2,AWG,06-Jan,1.382606235,1.382606235,2.61,1.475161008,1.15,1.475161008,0,8.69,9.15,8.69,8,100,11.30052209,124.689551,F1
116,DXTUNGAF1C0108-7B,P0000000108-7,P0000000108-7A,ABCN,Triangular,Multi-grounded,2,ACSR,2/0,AWG,06-Jan,ACSR,2,AWG,06-Jan,1.382606235,1.382606235,2.61,1.475161008,1.15,1.475161008,0,8.69,9.15,8.69,8,100,11.30006611,124.6895134,F1
117,DXTUNGAF1C0108-8,P0000000108-7,P0000000108-8,ABCN,Triangular,Multi-grounded,83,ACSR,2/0,AWG,06-Jan,ACSR,2,AWG,06-Jan,1.382606235,1.382606235,2.61,1.475161008,1.15,1.475161008,0,8.69,9.15,8.69,8,100,11.29941165,124.6894813,F1
118,DXTUNGAF1C0108-10,P0000000108-8,P0000000108-10,ABCN,Triangular,Multi-grounded,105,ACSR,2/0,AWG,06-Jan,ACSR,2,AWG,06-Jan,1.382606235,1.382606235,2.61,1.475161008,1.15,1.475161008,0,8.69,9.15,8.69,8,100,11.29884839,124.6894437,F1
119,DXTUNGAF1C0108-11,P0000000108-10,P0000000108-11,ABCN,Triangular,Multi-grounded,44,ACSR,2/0,AWG,06-Jan,ACSR,2,AWG,06-Jan,1.382606235,1.382606235,2.61,1.475161008,1.15,1.475161008,0,8.69,9.15,8.69,8,100,11.29826367,124.6894062,F1
120,DXTUNGAF1A0108-12,P0000000108-11,P0000000108-12,ABCN,Triangular,Multi-grounded,98,ACSR,2/0,AWG,06-Jan,ACSR,2,AWG,06-Jan,1.382606235,1.382606235,2.61,1.475161008,1.15,1.475161008,0,8.69,9.15,8.69,8,100,11.29820466,124.6888161,F1
121,DXTUNGAF1A0108-12b,P0000000108-12,P0000000108-12b,AN,Vertical,Multi-grounded,146,ACSR,2,AWG,06-Jan,ACSR,2,AWG,06-Jan,0,0,0,1.07,0,0,0,7.62195122,0,0,6.554878049,100,11.29815638,124.688285,F1
122,DXTUNGAF1A0108-12f,P0000000108-12b,P0000000108-12f,AN,Vertical,Multi-grounded,209,ACSR,2,AWG,06-Jan,ACSR,2,AWG,06-Jan,0,0,0,1.07,0,0,0,7.62195122,0,0,6.554878049,100,11.29810274,124.6877486,F1
123,DXTUNGAF1A0108-12h,P0000000108-12f,P0000000108-12h,AN,Vertical,Multi-grounded,85,ACSR,2,AWG,06-Jan,ACSR,2,AWG,06-Jan,0,0,0,1.07,0,0,0,7.62195122,0,0,6.554878049,100,11.29806519,124.6873248,F1
124,DXTUNGAF1C0108-18,P0000000108-12,P0000000108-18,ABCN,Triangular,Multi-grounded,210,ACSR,2/0,AWG,06-Jan,ACSR,2,AWG,06-Jan,1.382606235,1.382606235,2.61,1.475161008,1.15,1.475161008,0,8.69,9.15,8.69,8,100,11.29802764,124.6868581,F1
125,DXTUNGAF1C0108-19,P0000000108-18,P0000000108-19,ABCN,Triangular,Multi-grounded,71,ACSR,2/0,AWG,06-Jan,ACSR,2,AWG,06-Jan,1.382606235,1.382606235,2.61,1.475161008,1.15,1.475161008,0,8.69,9.15,8.69,8,100,11.29799008,124.6864128,F1
126,DXTUNGAF1C0108-20,P0000000108-19,P0000000108-20,ABCN,Triangular,Multi-grounded,72,ACSR,2/0,AWG,06-Jan,ACSR,2,AWG,06-Jan,1.382606235,1.382606235,2.61,1.475161008,1.15,1.475161008,0,8.69,9.15,8.69,8,100,11.2979418,124.6858174,F1
127,DXTUNGAF1A0108-20C,P0000000108-20,P0000000108-20C,BN,Vertical,Multi-grounded,157,ACSR,2,AWG,06-Jan,ACSR,2,AWG,06-Jan,0,0,0,1.07,0,0,0,7.62195122,0,0,6.554878049,100,11.29790425,124.6854633,F1
128,DXTUNGAF1A0108-20O,P0000000108-20C,P0000000108-20O,BN,Vertical,Multi-grounded,827,ACSR,2,AWG,06-Jan,ACSR,2,AWG,06-Jan,0,0,0,1.07,0,0,0,7.62195122,0,0,6.554878049,100,11.29786134,124.6849376,F1
129,DXTUNGAF1A0108-21,P0000000108-20,P0000000108-21,ABCN,Triangular,Multi-grounded,76,ACSR,2/0,AWG,06-Jan,ACSR,2,AWG,06-Jan,1.382606235,1.382606235,2.61,1.475161008,1.15,1.475161008,0,8.69,9.15,8.69,8,100,11.29781306,124.6844923,F1
130,DXTUNGAF1A0108-21b,P0000000108-21,P0000000108-21b,BN,Vertical,Multi-grounded,76,ACSR,2,AWG,06-Jan,ACSR,2,AWG,06-Jan,0,0,0,1.07,0,0,0,7.62195122,0,0,6.554878049,100,11.29777014,124.6839452,F1
131,DXTUNGAF1A0108-24,P0000000108-21,P0000000108-24,ABCN,Triangular,Multi-grounded,215,ACSR,2/0,AWG,06-Jan,ACSR,2,AWG,06-Jan,1.382606235,1.382606235,2.61,1.475161008,1.15,1.475161008,0,8.69,9.15,8.69,8,100,11.2977165,124.6833444,F1
132,DXTUNGAF1A0108-24A,P0000000108-24,P0000000108-24A,AN,Vertical,Multi-grounded,173,ACSR,2,AWG,06-Jan,ACSR,2,AWG,06-Jan,0,0,0,1.07,0,0,0,7.62195122,0,0,6.554878049,100,11.29766822,124.6828777,F1
133,DXTUNGAF1A0108-24-1,P0000000108-24,P0000000108-24-1,BN,Vertical,Multi-grounded,30,ACSR,2,AWG,06-Jan,ACSR,2,AWG,06-Jan,0,0,0,1.07,0,0,0,7.62195122,0,0,6.554878049,100,11.29791498,124.6821964,F1
134,DXTUNGAC00108-30,P0000000108-24,P0000000108-30,ABCN,TRIANGULAR,Multi-grounded,245,ACSR,2/0,AWG,06-Jan,ACSR,2/0,AWG,06-Jan,1.382606235,1.382606235,2.61,1.475161008,1.15,1.475161008,0,8.69,9.15,8.69,8,100,11.29826367,124.6815741,F1
135,DXTUNGAC00108-33,P0000000108-30,P0000000108-33,ABCN,TRIANGULAR,Multi-grounded,245,ACSR,2/0,AWG,06-Jan,ACSR,2/0,AWG,06-Jan,1.382606235,1.382606235,2.61,1.475161008,1.15,1.475161008,0,8.69,9.15,8.69,8,100,11.29860699,124.6809518,F1
136,DXTUNGAC00108-45,P0000000108-33,P0000000108-45,ABCN,TRIANGULAR,Multi-grounded,1083,ACSR,2/0,AWG,06-Jan,ACSR,2/0,AWG,06-Jan,1.382606235,1.382606235,2.61,1.475161008,1.15,1.475161008,0,8.69,9.15,8.69,8,100,11.29893959,124.6803081,F1
137,DXTUNGAA00108-45H,P0000000108-45,P0000000108-45H,CN,VERTICAL,Multi-grounded,670,ACSR,2,AWG,06-Jan,ACSR,2,AWG,06-Jan,0,0,0,1.067073171,0,0,0,7.62195122,0,0,6.554878049,100,11.29896104,124.6796161,F1
138,DXTUNGAC00108-45A,P0000000108-45,P0000000108-45A,ABCN,TRIANGULAR,Multi-grounded,2,ACSR,2/0,AWG,06-Jan,ACSR,2/0,AWG,06-Jan,1.382606235,1.382606235,2.61,1.475161008,1.15,1.475161008,0,8.69,9.15,8.69,8,100,11.29901469,124.6788436,F1
139,DXTUNGAC00108-58,P0000000108-45,P0000000108-58,ABCN,TRIANGULAR,Multi-grounded,996,ACSR,2/0,AWG,06-Jan,ACSR,2/0,AWG,06-Jan,1.382606235,1.382606235,2.61,1.48,1.15,1.475161008,0,8.69,9.15,8.69,8,100,11.2990576,124.6781516,F1
140,DXTUNGAA00108-58M,P0000000108-58,P0000000108-58M,CN,VERTICAL,Multi-grounded,1061,ACSR,2,AWG,06-Jan,ACSR,2,AWG,06-Jan,0,0,0,1.067073171,0,0,0,7.62195122,0,0,6.554878049,100,11.29910052,124.6774167,F1
141,DXTUNGAA00108-58R,P0000000108-58M,P0000000108-58R,CN,VERTICAL,Multi-grounded,306,ACSR,2,AWG,06-Jan,ACSR,2,AWG,06-Jan,0,0,0,1.067073171,0,0,0,7.62195122,0,0,6.554878049,100,11.29914343,124.6767139,F1
142,DXTUNGAA00108-58R11,P0000000108-58R,P0000000108-58R11,CN,VERTICAL,Multi-grounded,1143,ACSR,2,AWG,06-Jan,ACSR,2,AWG,06-Jan,0,0,0,1.067073171,0,0,0,7.62195122,0,0,6.554878049,100,11.29920244,124.6760219,F1
143,DXTUNGAA00108-58AA,P0000000108-58R,P0000000108-58AA,CN,VERTICAL,Multi-grounded,633,ACSR,2,AWG,06-Jan,ACSR,2,AWG,06-Jan,0,0,0,1.067073171,0,0,0,7.62195122,0,0,6.554878049,100,11.29920781,124.6753031,F1
144,DXTUNGAA00108-58AN,P0000000108-58AA,P0000000108-58AN,CN,VERTICAL,Multi-grounded,1187,ACSR,2,AWG,06-Jan,ACSR,2,AWG,06-Jan,0,0,0,1.067073171,0,0,0,7.62195122,0,0,6.554878049,100,11.29895032,124.6740693,F1
145,DXTUNGAA00108-58AN9,P0000000108-58AN,P0000000108-58AN9,CN,VERTICAL,Multi-grounded,650,ACSR,2,AWG,06-Jan,ACSR,2,AWG,06-Jan,0,0,0,1.067073171,0,0,0,7.62195122,0,0,6.554878049,100,11.29880011,124.6733235,F1
146,DXTUNGAA00108-58AO,P0000000108-58AN,P0000000108-58AO,CN,VERTICAL,Multi-grounded,84,ACSR,2,AWG,06-Jan,ACSR,2,AWG,06-Jan,0,0,0,1.07,0,0,0,7.62195122,0,0,6.554878049,100,11.29864454,124.6726424,F1
147,DXTUNGAA00108-58AO4,P0000000108-58AO,P0000000108-58AO4,CN,VERTICAL,Multi-grounded,248,ACSR,2,AWG,06-Jan,ACSR,2,AWG,06-Jan,0,0,0,1.067073171,0,0,0,7.62195122,0,0,6.554878049,100,11.29842997,124.6719503,F1
148,DXTUNGAA00108-58AV,P0000000108-58AO,P0000000108-58AV,CN,VERTICAL,Multi-grounded,461,ACSR,2,AWG,06-Jan,ACSR,2,AWG,06-Jan,0,0,0,1.067073171,0,0,0,7.62195122,0,0,6.554878049,100,11.29817247,124.6712798,F1
149,DXTUNGAC00108-59,P0000000108-58,P0000000108-59,ABCN,TRIANGULAR,Multi-grounded,66,ACSR,2/0,AWG,06-Jan,ACSR,2/0,AWG,06-Jan,1.382606235,1.382606235,2.61,1.475161008,1.15,1.475161008,0,8.69,9.15,8.69,8,100,11.29796326,124.6706253,F1
150,DXTUNGAC00108-59A,P0000000108-59,P0000000108-59A,ABCN,TRIANGULAR,Multi-grounded,2,ACSR,2/0,AWG,06-Jan,ACSR,2/0,AWG,06-Jan,1.382606235,1.382606235,2.61,1.475161008,1.15,1.475161008,0,8.69,9.15,8.69,8,100,11.2977165,124.6699655,F1
151,DXTUNGAA00108-59f,P0000000108-59,P0000000108-59f,AN,VERTICAL,Multi-grounded,430,ACSR,2,AWG,06-Jan,ACSR,2,AWG,06-Jan,0,0,0,1.067073171,0,0,0,7.62195122,0,0,6.554878049,100,11.29745364,124.6692252,F1
152,DXTUNGAA00108-59j,P0000000108-59f,P0000000108-59j,AN,VERTICAL,Multi-grounded,218,ACSR,2,AWG,06-Jan,ACSR,2,AWG,06-Jan,0,0,0,1.067073171,0,0,0,7.62195122,0,0,6.554878049,100,11.29721224,124.6685761,F1
153,DXTUNGAA00108-59p,P0000000108-59j,P0000000108-59p,AN,VERTICAL,Multi-grounded,411,ACSR,2,AWG,06-Jan,ACSR,2,AWG,06-Jan,0,0,0,1.07,0,0,0,7.62195122,0,0,6.554878049,100,11.29697084,124.6678787,F1
154,DXTUNGAC00108-60,P0000000108-59,P0000000108-60,ABCN,TRIANGULAR,Multi-grounded,77,ACSR,2/0,AWG,06-Jan,ACSR,2/0,AWG,06-Jan,1.382606235,1.382606235,2.61,1.48,1.15,1.475161008,0,8.69,9.15,8.69,8,100,11.29670799,124.6671653,F1
155,DXTUNGAC00108-63,P0000000108-60,P0000000108-63,ABCN,TRIANGULAR,Multi-grounded,70,ACSR,2/0,AWG,06-Jan,ACSR,2/0,AWG,06-Jan,1.382606235,1.382606235,2.61,1.48,1.15,1.475161008,0,8.69,9.15,8.69,8,100,11.29645586,124.6664625,F1
156,DXTUNGAF1C0110,P0000000108,P0000000110,ABCN,Triangular,Multi-grounded,107,ACSR,336.4,MCM,26-Jul,ACSR,2,AWG,06-Jan,1.382606235,1.382606235,2.61,1.475161008,1.15,1.475161008,0,8.69,9.15,8.69,8,100,11.29623056,124.6657866,F1
157,DXTUNGAF1C0111,P0000000110,P0000000111,ABCN,Triangular,Multi-grounded,72,ACSR,336.4,MCM,26-Jul,ACSR,2,AWG,06-Jan,1.382606235,1.382606235,2.61,1.475161008,1.15,1.475161008,0,8.69,9.15,8.69,8,100,11.29599452,124.6650892,F1
158,DXTUNGAF1C0111A,P0000000111,P000000111A,ABCN,Triangular,Multi-grounded,2,ACSR,336.4,MCM,26-Jul,ACSR,2,AWG,06-Jan,1.382606235,1.382606235,2.61,1.475161008,1.15,1.475161008,0,8.69,9.15,8.69,8,100,11.29577458,124.6643811,F1
159,DXTUNGAF1C0112,P0000000111,P0000000112,ABCN,Triangular,Multi-grounded,89,ACSR,336.4,MCM,26-Jul,ACSR,2,AWG,06-Jan,1.382606235,1.382606235,2.61,1.48,1.15,1.475161008,0,8.69,9.15,8.69,8,100,11.29556,124.6636784,F1
160,DXTUNGAF1C0113,P0000000112,P0000000113,ABCN,Triangular,Multi-grounded,89,ACSR,336.4,MCM,26-Jul,ACSR,2,AWG,06-Jan,1.382606235,1.382606235,2.61,1.48,1.15,1.475161008,0,8.69,9.15,8.69,8,100,11.29535079,124.6630025,F1
161,DXTUNGAF1A0115,P0000000113,P0000000115,ABCN,Triangular,Multi-grounded,62,ACSR,336.4,MCM,26-Jul,ACSR,2,AWG,06-Jan,1.382606235,1.382606235,2.61,1.48,1.15,1.475161008,0,8.69,9.15,8.69,8,100,11.29514158,124.6623319,F1
162,DXTUNGAF1C0115A,P0000000115,P000000115A,ABCN,Triangular,Multi-grounded,2,ACSR,336.4,MCM,26-Jul,ACSR,2,AWG,06-Jan,1.382606235,1.382606235,2.61,1.48,1.15,1.475161008,0,8.69,9.15,8.69,8,100,11.29493237,124.6615809,F1
163,DXTUNGAF1C0115B,P000000115A,P000000115B,ABCN,Triangular,Multi-grounded,2,ACSR,336.4,MCM,26-Jul,ACSR,2,AWG,06-Jan,1.382606235,1.382606235,2.61,1.48,1.15,1.475161008,0,8.69,9.15,8.69,8,100,11.29472315,124.6608943,F1
164,DXTUNGAF1C0115C,P000000115B,P000000115C,ABCN,Triangular,Multi-grounded,2,ACSR,336.4,MCM,26-Jul,ACSR,2,AWG,06-Jan,1.382606235,1.382606235,2.61,1.48,1.15,1.475161008,0,8.69,9.15,8.69,8,100,11.29434764,124.660272,F1
165,DXTUNGAF1A0115-4,P0000000115,P0000000115-4,AN,Vertical,Multi-grounded,245,ACSR,2,AWG,06-Jan,ACSR,2,AWG,06-Jan,0,0,0,1.07,0,0,0,7.62,0,0,6.554878049,100,11.29404187,124.6596015,F1
166,DXTUNGAF1C0116,P0000000115,P0000000116,ABCN,Triangular,Multi-grounded,55,ACSR,336.4,MCM,26-Jul,ACSR,2,AWG,06-Jan,1.382606235,1.382606235,2.61,1.48,1.15,1.475161008,0,8.69,9.15,8.69,8,100,11.29392386,124.6589148,F1
167,DXTUNGAF1C0117,P0000000116,P0000000117,BCAN,Triangular,Multi-grounded,44,ACSR,336.4,MCM,26-Jul,ACSR,2,AWG,06-Jan,1.382606235,1.382606235,2.61,1.48,1.15,1.475161008,0,8.69,9.15,8.69,8,100,11.29377365,124.6581692,F1
168,DXTUNGAF1A0117B,P0000000117,P000000117B,BN,Vertical,Multi-grounded,85,ACSR,2,AWG,06-Jan,ACSR,2,AWG,06-Jan,0,0,0,1.07,0,0,0,7.62195122,0,0,6.554878049,100,11.29360199,124.657284,F1
169,DXTUNGAF1A0119,P0000000117,P0000000119,ABCN,Triangular,Multi-grounded,123,ACSR,336.4,MCM,26-Jul,ACSR,2,AWG,06-Jan,1.382606235,1.382606235,2.61,1.475161008,1.15,1.475161008,0,8.69,9.15,8.69,8,100,11.29347324,124.6566081,F1
170,DXTUNGAF1A0119-3,P0000000119,P0000000119-3,ABCN,Triangular,Multi-grounded,156,ACSR,1/0,AWG,06-Jan,ACSR,2,AWG,06-Jan,1.382606235,1.382606235,2.61,1.48,1.15,1.475161008,0,8.69,9.15,8.69,8,100,11.2933284,124.6558625,F1
171,DXTUNGAF1C0121,P0000000119,P0000000121,ABCN,Triangular,Multi-grounded,80,ACSR,336.4,MCM,26-Jul,ACSR,2,AWG,06-Jan,1.382606235,1.382606235,2.61,1.48,1.15,1.475161008,0,8.69,9.15,8.69,8,100,11.29319429,124.6551865,F1
172,DXTUNGAF1C0121A,P0000000121,P000000121A,ABCN,Triangular,Multi-grounded,2,ACSR,336.4,MCM,26-Jul,ACSR,2,AWG,06-Jan,1.382606235,1.382606235,2.61,1.475161008,1.15,1.475161008,0,8.69,9.15,8.69,8,100,11.29306555,124.6544784,F1
173,DXTUNGAF1C0122,P0000000121,P0000000122,BACN,Triangular,Multi-grounded,53,ACSR,336.4,MCM,26-Jul,ACSR,2,AWG,06-Jan,1.382606235,1.382606235,2.61,1.475161008,1.15,1.475161008,0,8.69,9.15,8.69,8,100,11.29293144,124.6537811,F1
174,DXTUNGAF1C0122A,P0000000122,P000000122A,BACN,Triangular,Multi-grounded,2,ACSR,336.4,MCM,26-Jul,ACSR,2,AWG,06-Jan,1.382606235,1.382606235,2.61,1.475161008,1.15,1.475161008,0,8.69,9.15,8.69,8,100,11.29279196,124.6530837,F1
175,DXTUNGAF1C0122-3,P0000000122,P0000000122-3,BN,Vertical,Multi-grounded,173,ACSR,2,AWG,06-Jan,ACSR,2,AWG,06-Jan,0,0,0,1.067073171,0,0,0,7.62195122,0,0,6.554878049,100,11.29266858,124.6523649,F1
176,DXTUNGAF1C0122-3-2,P0000000122-3,P0000000122-3b,BN,Vertical,Multi-grounded,98,ACSR,2,AWG,06-Jan,ACSR,2,AWG,06-Jan,0,0,0,1.067073171,0,0,0,7.62195122,0,0,6.554878049,100,11.29256666,124.6516514,F1
177,DXTUNGAF1C0122-4,P0000000122-3,P0000000122-4,BN,Vertical,Multi-grounded,60,ACSR,2,AWG,06-Jan,ACSR,2,AWG,06-Jan,0,0,0,1.067073171,0,0,0,7.62195122,0,0,6.554878049,100,11.29249692,124.6509486,F1
178,DXTUNGAF1C00125,P0000000122,P0000000125,ABCN,Triangular,Multi-grounded,193,ACSR,336.4,MCM,26-Jul,ACSR,2,AWG,06-Jan,1.382606235,1.382606235,2.61,1.475161008,1.15,1.475161008,0,8.69,9.15,8.69,8,100,11.29243791,124.6504605,F1
179,DXTUNGAF1C0125A,P0000000125,P000000125A,ABCN,Triangular,Multi-grounded,2,ACSR,336.4,MCM,26-Jul,ACSR,2,AWG,06-Jan,1.382606235,1.382606235,2.61,1.48,1.15,1.475161008,0,8.69,9.15,8.69,8,100,11.29229307,124.6496934,F1
180,DXTUNGAF1C0126,P0000000125,P0000000126,ABCN,Triangular,Multi-grounded,45,ACSR,336.4,MCM,26-Jul,ACSR,2,AWG,06-Jan,1.382606235,1.382606235,2.61,1.48,1.15,1.475161008,0,8.69,9.15,8.69,8,100,11.29217506,124.6489584,F1
181,DXTUNGAF1A0126-2,P0000000126,P0000000126-2,ABN,Horizontal,Multi-grounded,79,ACSR,2,AWG,06-Jan,ACSR,2,AWG,06-Jan,2.33739837,0,0,1.65435169,1.65435169,0,0,7.62195122,7.62195122,0,6.40243902,100,11.29205167,124.6482557,F1
182,DXTUNGAF1A0126-6,P0000000126-2,P0000000126-6,ABN,Horizontal,Multi-grounded,204,ACSR,2,AWG,06-Jan,ACSR,2,AWG,06-Jan,2.33739837,0,0,1.65435169,1.65435169,0,0,7.62195122,7.62195122,0,6.40243902,100,11.29200339,124.6478963,F1
183,DXTUNGAF1A0126-8,P0000000126-6,P0000000126-8,ABN,Horizontal,Multi-grounded,90,ACSR,2,AWG,06-Jan,ACSR,2,AWG,06-Jan,2.33739837,0,0,1.65,1.65435169,0,0,7.62195122,7.62195122,0,6.40243902,100,11.29228234,124.6472311,F1
184,DXTUNGAF1A0126-8A,P0000000126-8,P0000000126-8A,BN,Vertical,Multi-grounded,56,ACSR,2,AWG,06-Jan,ACSR,2,AWG,06-Jan,0,0,0,1.07,0,0,0,7.62195122,0,0,6.554878049,100,11.29260421,124.6465659,F1
185,DXTUNGAF1A0126-8B,P0000000126-8A,P0000000126-8B,BN,Vertical,Multi-grounded,52,ACSR,2,AWG,06-Jan,ACSR,2,AWG,06-Jan,0,0,0,1.07,0,0,0,7.62195122,0,0,6.554878049,100,11.2929368,124.6459115,F1
186,DXTUNGAF1A0126-8B1,P0000000126-8B,P0000000126-8B1,BN,Vertical,Multi-grounded,2,ACSR,2,AWG,06-Jan,ACSR,2,AWG,06-Jan,0,0,0,1.07,0,0,0,7.62195122,0,0,6.554878049,100,11.2932533,124.6452516,F1
187,DXTUNGAF1A0126-8B1,P0000000126-8,P0000000126-8a,AN,Horizontal,Multi-grounded,2,ACSR,2,AWG,06-Jan,ACSR,2,AWG,06-Jan,0,0,0,1.07,0,0,0,7.62195122,0,0,6.554878049,100,11.2934196,124.6448493,F1
188,DXTUNGAF1A0126-8b,P0000000126-8a,P0000000126-8b,AN,Vertical,Multi-grounded,65,ACSR,2,AWG,06-Jan,ACSR,2,AWG,06-Jan,0,0,0,1.07,0,0,0,7.62195122,0,0,6.554878049,100,11.29353225,124.6441358,F1
189,DXTUNGAF1A0126-10,P0000000126-8,P0000000126-10,AN,Vertical,Multi-grounded,90,ACSR,2,AWG,06-Jan,ACSR,2,AWG,06-Jan,0,0,0,1.067073171,0,0,0,7.62195122,0,0,6.554878049,100,11.29363418,124.6434116,F1
190,DXTUNGAF1A0126-12,P0000000126-10,P0000000126-12,AN,Vertical,Multi-grounded,53,ACSR,2,AWG,06-Jan,ACSR,2,AWG,06-Jan,0,0,0,1.07,0,0,0,7.62195122,0,0,6.554878049,100,11.29375219,124.6426928,F1
191,DXTUNGAF1A0128,P0000000126,P0000000128,ABCN,Triangular,Multi-grounded,94,ACSR,336.4,MCM,26-Jul,ACSR,2,AWG,06-Jan,1.382606235,1.382606235,2.61,1.48,1.15,1.475161008,0,8.69,9.15,8.69,8,100,11.29383802,124.6418881,F1
192,DXTUNGAF1A0128-4,P0000000128,P0000000128-4,AN,Vertical,Multi-grounded,200,ACSR,2,AWG,06-Jan,ACSR,2,AWG,06-Jan,0,0,0,1.067073171,0,0,0,7.62195122,0,0,6.554878049,100,11.29391313,124.6413839,F1
193,DXTUNGAF1A0128-4A,P0000000128-4,P0000000128-4A,AN,Vertical,Multi-grounded,2,ACSR,2,AWG,06-Jan,ACSR,2,AWG,06-Jan,0,0,0,1.067073171,0,0,0,7.62195122,0,0,6.554878049,100,11.29399359,124.6409386,F1
194,DXTUNGAF1A0129,P0000000128,P0000000129,ABCN,Triangular,Multi-grounded,71,ACSR,336.4,MCM,26-Jul,ACSR,2,AWG,06-Jan,1.382606235,1.382606235,2.61,1.475161008,1.15,1.475161008,0,8.69,9.15,8.69,8,100,11.29408479,124.6402144,F1
195,DXTUNGAF1C0130,P0000000129,P0000000130,ABCN,Triangular,Multi-grounded,35,ACSR,336.4,MCM,26-Jul,ACSR,2,AWG,06-Jan,1.382606235,1.382606235,2.61,1.475161008,1.15,1.475161008,0,8.69,9.15,8.69,8,100,11.29418135,124.639501,F1
196,DXTUNGAF1C0130-16,P0000000130,P0000000130-16,ABCN,Triangular,Multi-grounded,1168,ACSR,2/0,AWG,06-Jan,ACSR,2,AWG,06-Jan,1.382606235,1.382606235,2.61,1.475161008,1.15,1.475161008,0,8.69,9.15,8.69,8,100,11.29422426,124.6390235,F1
197,DXTUNGAF1C0130-20,P0000000130-16,P0000000130-20,ABCN,Triangular,Multi-grounded,221,ACSR,2/0,AWG,06-Jan,ACSR,2,AWG,06-Jan,1.382606235,1.382606235,2.61,1.48,1.15,1.475161008,0,8.69,9.15,8.69,8,100,11.29431546,124.6384925,F1
198,DXTUNGAF1C0130-25,P0000000130-20,P0000000130-25,ABCN,Triangular,Multi-grounded,330,ACSR,2/0,AWG,06-Jan,ACSR,2,AWG,06-Jan,1.382606235,1.382606235,2.61,1.475161008,1.15,1.475161008,0,8.69,9.15,8.69,8,100,11.29442275,124.6377414,F1
199,DXTUNGAF1C0130-31,P0000000130-25,P0000000130-31,ABCN,Triangular,Multi-grounded,391,ACSR,2/0,AWG,06-Jan,ACSR,2,AWG,06-Jan,1.382606235,1.382606235,2.61,1.475161008,1.15,1.475161008,0,8.69,9.15,8.69,8,100,11.29455686,124.6370333,F1
200,DXTUNGAF1C0130-31A,P0000000130-31,P0000000130-31A,ABCN,Triangular,Multi-grounded,2,ACSR,2/0,AWG,06-Jan,ACSR,2,AWG,06-Jan,1.382606235,1.382606235,2.61,1.475161008,1.15,1.475161008,0,8.69,9.15,8.69,8,100,11.2946856,124.6363521,F1
201,DXTUNGAF1A0130-31-4,P0000000130-31A,P0000000130-31-4,AN,Vertical,Multi-grounded,226,ACSR,2,AWG,06-Jan,ACSR,2,AWG,06-Jan,0,0,0,1.067073171,0,0,0,7.62195122,0,0,6.554878049,100,11.29479289,124.635644,F1
202,DXTUNGAF1A0130-31-9,P0000000130-31-4,P0000000130-31-9,AN,Vertical,Multi-grounded,371,ACSR,2,AWG,06-Jan,ACSR,2,AWG,06-Jan,0,0,0,1.07,0,0,0,7.62195122,0,0,6.554878049,100,11.29493237,124.6349304,F1
203,DXTUNGAF1C0130-49,P0000000130-31A,P0000000130-49,ABCN,Triangular,Multi-grounded,1233,ACSR,2/0,AWG,06-Jan,ACSR,2,AWG,06-Jan,1.382606235,1.382606235,2.61,1.48,1.15,1.475161008,0,8.69,9.15,8.69,8,100,11.29506111,124.6342492,F1
204,DXTUNGAF1A0130-53,P0000000130-49,P0000000130-53,ABCN,Triangular,Multi-grounded,292,ACSR,2/0,AWG,06-Jan,ACSR,2,AWG,06-Jan,1.382606235,1.382606235,2.61,1.48,1.15,1.475161008,0,8.69,9.15,8.69,8,100,11.29517913,124.6334821,F1
205,DXTUNGAF1A0130-53-8,P0000000130-53,P0000000130-53-8,CN,Vertical,Multi-grounded,516,ACSR,2,AWG,06-Jan,ACSR,2,AWG,06-Jan,0,0,0,1.07,0,0,0,7.62195122,0,0,6.554878049,100,11.29534006,124.6327794,F1
206,DXTUNGAF1A0130-53-20,P0000000130-53-8,P0000000130-53-20,CN,Vertical,Multi-grounded,829,ACSR,2,AWG,06-Jan,ACSR,2,AWG,06-Jan,0,0,0,1.07,0,0,0,7.62195122,0,0,6.554878049,100,11.2954849,124.6323234,F1
207,DXTUNGAF1A0130-53-20F,P0000000130-53-20,P0000000130-53-20F,CN,Vertical,Multi-grounded,473,ACSR,2,AWG,06-Jan,ACSR,2,AWG,06-Jan,0,0,0,1.07,0,0,0,7.62195122,0,0,6.554878049,100,11.2960428,124.6318084,F1
208,DXTUNGAF1A0130-53-24,P0000000130-53-20,P0000000130-53-24,CN,Vertical,Multi-grounded,263,ACSR,2,AWG,06-Jan,ACSR,2,AWG,06-Jan,0,0,0,1.07,0,0,0,7.62195122,0,0,6.554878049,100,11.29661679,124.6313524,F1
209,DXTUNGAF1A0130-53-38,P0000000130-53-24,P0000000130-53-38,CN,Vertical,Multi-grounded,933,ACSR,2,AWG,06-Jan,ACSR,2,AWG,06-Jan,0,0,0,1.07,0,0,0,7.62195122,0,0,6.554878049,100,11.29724443,124.6308267,F1
210,DXTUNGAF1A0130-53-44,P0000000130-53-38,P0000000130-53-44,CN,Vertical,Multi-grounded,436,ACSR,2,AWG,06-Jan,ACSR,2,AWG,06-Jan,0,0,0,1.07,0,0,0,7.62195122,0,0,6.554878049,100,11.29779697,124.6303976,F1
211,DXTUNGAF1A0130-56,P0000000130-53,P0000000130-56,ABCN,Triangular,Multi-grounded,178,ACSR,2/0,AWG,06-Jan,ACSR,2,AWG,06-Jan,1.382606235,1.382606235,2.61,1.48,1.15,1.475161008,0,8.69,9.15,8.69,8,100,11.2983495,124.6299416,F1
212,DXTUNGAF1A0130-56-4,P0000000130-56,P0000000130-56-4,BN,Vertical,Multi-grounded,280,ACSR,2,AWG,06-Jan,ACSR,2,AWG,06-Jan,0,0,0,1.07,0,0,0,7.62195122,0,0,6.554878049,100,11.29877329,124.6295607,F1
213,DXTUNGAF1A0130-56-12,P0000000130-56-4,P0000000130-56-12,BN,Vertical,Multi-grounded,584,ACSR,2,AWG,06-Jan,ACSR,2,AWG,06-Jan,0,0,0,1.07,0,0,0,7.62195122,0,0,6.554878049,100,11.29903615,124.62874,F1
214,DXTUNGAF1C0130-62,P0000000130-56,P0000000130-62,ABCN,Triangular,Multi-grounded,304,ACSR,2/0,AWG,06-Jan,ACSR,2,AWG,06-Jan,1.382606235,1.382606235,2.61,1.475161008,1.15,1.475161008,0,8.69,9.15,8.69,8,100,11.29919708,124.6280533,F1
215,DXTUNGAF1C0130-63,P0000000130-62,P0000000130-63,ABCN,Triangular,Multi-grounded,59,ACSR,2/0,AWG,06-Jan,ACSR,2,AWG,06-Jan,1.382606235,1.382606235,2.61,1.475161008,1.15,1.475161008,0,8.69,9.15,8.69,8,100,11.2993741,124.6273452,F1
216,DXTUNGAF1C0130-70,P0000000130-63,P0000000130-70,ABCN,Triangular,Multi-grounded,503,ACSR,2/0,AWG,06-Jan,ACSR,2,AWG,06-Jan,1.382606235,1.382606235,2.61,1.475161008,1.15,1.475161008,0,8.69,9.15,8.69,8,100,11.29955649,124.6266532,F1
217,DXTUNGAF1A0130-88,P0000000130-70,P0000000130-88,ABCN,Triangular,Multi-grounded,1210,ACSR,2/0,AWG,06-Jan,ACSR,2,AWG,06-Jan,1.382606235,1.382606235,2.61,1.475161008,1.15,1.475161008,0,8.69,9.15,8.69,8,100,11.29974425,124.6259665,F1
218,DXTUNGAF1A0130-88A,P0000000130-88,P0000000130-88A,ABCN,Triangular,Multi-grounded,2,ACSR,2/0,AWG,06-Jan,ACSR,2,AWG,06-Jan,1.382606235,1.382606235,2.61,1.475161008,1.15,1.475161008,0,8.69,9.15,8.69,8,100,11.30000711,124.6252853,F1
219,DXTUNGAF1A0130-88-18,P0000000130-88A,P0000000130-88A-18,BN,Vertical,Multi-grounded,1354,ACSR,2,AWG,06-Jan,ACSR,2,AWG,06-Jan,0,0,0,1.067073171,0,0,0,7.62195122,0,0,6.554878049,100,11.30030751,124.6246201,F1
220,DXTUNGAF1C0130-98,P0000000130-88A,P0000000130-98,ABCN,Triangular,Multi-grounded,590,ACSR,2/0,AWG,06-Jan,ACSR,2,AWG,06-Jan,1.382606235,1.382606235,2.61,1.48,1.15,1.475161008,0,8.69,9.15,8.69,8,100,11.30059183,124.6239763,F1
221,DXTUNGAF1C0130-98A,P0000000130-98,P0000000130-98A,ABCN,Triangular,Multi-grounded,70,ACSR,2/0,AWG,06-Jan,ACSR,2,AWG,06-Jan,1.382606235,1.382606235,2.61,1.48,1.15,1.475161008,0,8.69,9.15,8.69,8,100,11.30083859,124.6234292,F1
222,DXTUNGAF1C0130-117,P0000000130-98,P0000000130-117,ABCN,Triangular,Multi-grounded,1082,ACSR,2/0,AWG,06-Jan,ACSR,2,AWG,06-Jan,1.382606235,1.382606235,2.61,1.48,1.15,1.475161008,0,8.69,9.15,8.69,8,100,11.30134821,124.6229035,F1
223,DXTUNGAF1C0132,P0000000130,P0000000132,ABCN,Triangular,Multi-grounded,110,ACSR,336.4,MCM,26-Jul,ACSR,2,AWG,06-Jan,1.382606235,1.382606235,2.61,1.475161008,1.15,1.475161008,0,8.69,9.15,8.69,8,100,11.30183637,124.6223509,F1
224,DXTUNGAF1A0132-3,P0000000132,P0000000132-3,CN,Vertical,Multi-grounded,210,ACSR,2,AWG,06-Jan,ACSR,2,AWG,06-Jan,0,0,0,1.067073171,0,0,0,7.62195122,0,0,6.554878049,100,11.3023299,124.6217769,F1
225,DXTUNGAF1A0132-3B,P0000000132-3,P0000000132-3B,CN,Vertical,Multi-grounded,140,ACSR,2,AWG,06-Jan,ACSR,2,AWG,06-Jan,0,0,0,1.067073171,0,0,0,7.62195122,0,0,6.554878049,100,11.30278051,124.6212512,F1
226,DXTUNGAF1A0132-3D,P0000000132-3B,P0000000132-3D,CN,Vertical,Multi-grounded,140,ACSR,2,AWG,06-Jan,ACSR,2,AWG,06-Jan,0,0,0,1.067073171,0,0,0,7.62195122,0,0,6.554878049,100,11.30310774,124.6208167,F1
227,DXTUNGAF1A0132-3D1,P0000000132-3D,P0000000132-3D1,CN,Vertical,Multi-grounded,70,ACSR,2,AWG,06-Jan,ACSR,2,AWG,06-Jan,0,0,0,1.067073171,0,0,0,7.62195122,0,0,6.554878049,100,11.30349934,124.6200389,F1
228,DXTUNGAF1A0132-3E,P0000000132-3D,P0000000132-3E,CN,Vertical,Multi-grounded,70,ACSR,2,AWG,06-Jan,ACSR,2,AWG,06-Jan,0,0,0,1.07,0,0,0,7.62195122,0,0,6.554878049,100,11.30390704,124.6193039,F1
229,DXTUNGAF1A0132-3G,P0000000132-3E,P0000000132-3G,CN,Vertical,Multi-grounded,70,ACSR,2,AWG,06-Jan,ACSR,2,AWG,06-Jan,0,0,0,1.07,0,0,0,7.62195122,0,0,6.554878049,100,11.30427718,124.6186066,F1
230,DXTUNGAF1A0132-3H,P0000000132-3G,P0000000132-3H,CN,Vertical,Multi-grounded,70,ACSR,2,AWG,06-Jan,ACSR,2,AWG,06-Jan,0,0,0,1.067073171,0,0,0,7.62195122,0,0,6.554878049,100,11.30460441,124.6179682,F1
231,DXTUNGAF1A0132-3H1,P0000000132-3H,P0000000132-3H1,CN,Vertical,Multi-grounded,70,ACSR,2,AWG,06-Jan,ACSR,2,AWG,06-Jan,0,0,0,1.067073171,0,0,0,7.62195122,0,0,6.554878049,100,11.30485654,124.6172547,F1
232,DXTUNGAF1A0132-3I,P0000000132-3H,P0000000132-3I,CN,Vertical,Multi-grounded,70,ACSR,2,AWG,06-Jan,ACSR,2,AWG,06-Jan,0,0,0,1.067073171,0,0,0,7.62195122,0,0,6.554878049,100,11.30491555,124.6165305,F1
233,DXTUNGAF1A0132-5,P0000000132-3,P0000000132-5,CN,Vertical,Multi-grounded,200,ACSR,2,AWG,06-Jan,ACSR,2,AWG,06-Jan,0,0,0,1.07,0,0,0,7.62195122,0,0,6.554878049,100,11.30504966,124.6158385,F1
234,DXTUNGAF1A0132-9,P0000000132-5,P0000000132-9,CN,Vertical,Multi-grounded,214,ACSR,2,AWG,06-Jan,ACSR,2,AWG,06-Jan,0,0,0,1.067073171,0,0,0,7.62195122,0,0,6.554878049,100,11.30517304,124.6151036,F1
235,DXTUNGAF1A0132-14,P0000000132-9,P0000000132-14,CN,Vertical,Multi-grounded,247,ACSR,2,AWG,06-Jan,ACSR,2,AWG,06-Jan,0,0,0,1.07,0,0,0,7.62195122,0,0,6.554878049,100,11.30529642,124.6143901,F1
236,DXTUNGAF1C0134,P0000000132,P0000000134,ABCN,Triangular,Multi-grounded,141,ACSR,336.4,MCM,26-Jul,ACSR,2,AWG,06-Jan,1.382606235,1.382606235,2.61,1.475161008,1.15,1.475161008,0,8.69,9.15,8.69,8,100,11.30540907,124.6137089,F1
237,DXTUNGAF1A0134-2,P0000000134,P0000000134-2,AN,Vertical,Multi-grounded,140,ACSR,2,AWG,06-Jan,ACSR,2,AWG,06-Jan,0,0,0,1.067073171,0,0,0,7.62195122,0,0,6.554878049,100,11.30552709,124.6130168,F1
238,DXTUNGAF1C00136,P0000000134,P0000000136,ABCN,Triangular,Multi-grounded,117,ACSR,336.4,MCM,26-Jul,ACSR,2,AWG,06-Jan,1.382606235,1.382606235,2.61,1.475161008,1.15,1.475161008,0,8.69,9.15,8.69,8,100,11.30563974,124.6123248,F1
239,DXTUNGAF1C00137,P0000000136,P0000000137,ABCN,Triangular,Multi-grounded,28,ACSR,2/0,AWG,06-Jan,ACSR,2,AWG,06-Jan,1.382606235,1.382606235,2.61,1.475161008,1.15,1.475161008,0,8.69,9.15,8.69,8,100,11.3057524,124.6116436,F1
,,,,,,,,,,,,,,,,,,,,,,,,,,,,11.30584896,124.6109623,
,,,,,,,,,,,,,,,,,,,,,,,,,,,,11.3059777,124.6102327,
,,,,,,,,,,,,,,,,,,,,,,,,,,,,11.30611181,124.6095032,
,,,,,,,,,,,,,,,,,,,,,,,,,,,,11.30622447,124.6087468,
,,,,,,,,,,,,,,,,,,,,,,,,,,,,11.3062942,124.6080333,
,,,,,,,,,,,,,,,,,,,,,,,,,,,,11.30606353,124.6073413,
,,,,,,,,,,,,,,,,,,,,,,,,,,,,11.3058275,124.6066707,
,,,,,,,,,,,,,,,,,,,,,,,,,,,,11.30559683,124.6059948,
,,,,,,,,,,,,,,,,,,,,,,,,,,,,11.30533934,124.6052599,
,,,,,,,,,,,,,,,,,,,,,,,,,,,,11.30512476,124.6045732,
,,,,,,,,,,,,,,,,,,,,,,,,,,,,11.30488873,124.6038812,
,,,,,,,,,,,,,,,,,,,,,,,,,,,,11.30465806,124.6032107,
,,,,,,,,,,,,,,,,,,,,,,,,,,,,11.30444348,124.6025401,
,,,,,,,,,,,,,,,,,,,,,,,,,,,,11.30421281,124.601832,
,,,,,,,,,,,,,,,,,,,,,,,,,,,,11.30409479,124.6011347,
,,,,,,,,,,,,,,,,,,,,,,,,,,,,11.30407333,124.6003675,
,,,,,,,,,,,,,,,,,,,,,,,,,,,,11.30385339,124.599638,
,,,,,,,,,,,,,,,,,,,,,,,,,,,,11.30351543,124.5989943,
,,,,,,,,,,,,,,,,,,,,,,,,,,,,11.30316138,124.5983022,
,,,,,,,,,,,,,,,,,,,,,,,,,,,,11.30309165,124.5975727,
,,,,,,,,,,,,,,,,,,,,,,,,,,,,11.30301118,124.5970738,
,,,,,,,,,,,,,,,,,,,,,,,,,,,,11.30252302,124.5963979,
,,,,,,,,,,,,,,,,,,,,,,,,,,,,11.30227625,124.5959258,
,,,,,,,,,,,,,,,,,,,,,,,,,,,,11.30245864,124.5952177,
,,,,,,,,,,,,,,,,,,,,,,,,,,,,11.30265176,124.5945472,
,,,,,,,,,,,,,,,,,,,,,,,,,,,,11.3029629,124.5942199,
,,,,,,,,,,,,,,,,,,,,,,,,,,,,11.30326867,124.593823,
,,,,,,,,,,,,,,,,,,,,,,,,,,,,11.3034296,124.5931202,
,,,,,,,,,,,,,,,,,,,,,,,,,,,,11.30356371,124.5924336,
,,,,,,,,,,,,,,,,,,,,,,,,,,,,11.30367637,124.5917523,
,,,,,,,,,,,,,,,,,,,,,,,,,,,,11.30377829,124.5910603,
,,,,,,,,,,,,,,,,,,,,,,,,,,,,11.3039124,124.5903575,
,,,,,,,,,,,,,,,,,,,,,,,,,,,,11.30404115,124.5896602,
,,,,,,,,,,,,,,,,,,,,,,,,,,,,11.3041538,124.5889628,
,,,,,,,,,,,,,,,,,,,,,,,,,,,,11.30423427,124.5884854,
,,,,,,,,,,,,,,,,,,,,,,,,,,,,11.30429864,124.5877934,
,,,,,,,,,,,,,,,,,,,,,,,,,,,,11.30437374,124.5870692,
,,,,,,,,,,,,,,,,,,,,,,,,,,,,11.30445957,124.5863825,
,,,,,,,,,,,,,,,,,,,,,,,,,,,,11.30450785,124.5858943,
,,,,,,,,,,,,,,,,,,,,,,,,,,,,11.30459905,124.5852023,
,,,,,,,,,,,,,,,,,,,,,,,,,,,,11.30471706,124.5844406,
,,,,,,,,,,,,,,,,,,,,,,,,,,,,11.30481899,124.5837379,
,,,,,,,,,,,,,,,,,,,,,,,,,,,,11.30526424,124.5831585,
,,,,,,,,,,,,,,,,,,,,,,,,,,,,11.25375509,124.7465962,
,,,,,,,,,,,,,,,,,,,,,,,,,,,,11.25317037,124.7469717,
,,,,,,,,,,,,,,,,,,,,,,,,,,,,11.25257492,124.7473633,
,,,,,,,,,,,,,,,,,,,,,,,,,,,,11.25197947,124.7477281,
,,,,,,,,,,,,,,,,,,,,,,,,,,,,11.25129819,124.7481734,
,,,,,,,,,,,,,,,,,,,,,,,,,,,,11.25069201,124.7485274,
,,,,,,,,,,,,,,,,,,,,,,,,,,,,11.25010192,124.7488976,
,,,,,,,,,,,,,,,,,,,,,,,,,,,,11.24951184,124.749257,
,,,,,,,,,,,,,,,,,,,,,,,,,,,,11.24890566,124.7496164,
,,,,,,,,,,,,,,,,,,,,,,,,,,,,11.24829948,124.7499973,
,,,,,,,,,,,,,,,,,,,,,,,,,,,,11.24766111,124.7503835,
,,,,,,,,,,,,,,,,,,,,,,,,,,,,11.24707639,124.750759,
,,,,,,,,,,,,,,,,,,,,,,,,,,,,11.24647558,124.7511184,
,,,,,,,,,,,,,,,,,,,,,,,,,,,,11.24580503,124.7515368,
,,,,,,,,,,,,,,,,,,,,,,,,,,,,11.24516666,124.7519338,
,,,,,,,,,,,,,,,,,,,,,,,,,,,,11.24457657,124.7522879,
,,,,,,,,,,,,,,,,,,,,,,,,,,,,11.24398649,124.7526526,
,,,,,,,,,,,,,,,,,,,,,,,,,,,,11.24351442,124.7531462,
,,,,,,,,,,,,,,,,,,,,,,,,,,,,11.24310672,124.7537363,
,,,,,,,,,,,,,,,,,,,,,,,,,,,,11.24264538,124.754262,
,,,,,,,,,,,,,,,,,,,,,,,,,,,,11.24201775,124.7548199,
,,,,,,,,,,,,,,,,,,,,,,,,,,,,11.24144375,124.7551793,
,,,,,,,,,,,,,,,,,,,,,,,,,,,,11.24088049,124.7556353,
,,,,,,,,,,,,,,,,,,,,,,,,,,,,11.24033868,124.756102,
,,,,,,,,,,,,,,,,,,,,,,,,,,,,11.23979688,124.7565149,
,,,,,,,,,,,,,,,,,,,,,,,,,,,,11.23923361,124.7569603,
,,,,,,,,,,,,,,,,,,,,,,,,,,,,11.23871326,124.7573894,
,,,,,,,,,,,,,,,,,,,,,,,,,,,,11.23809099,124.7578883,
