Count,Voltage Regulator ID,"From 
Bus ID","To  
Bus ID",Regulated Bus ID,Phase Type,Phasing,Phase Sense,KVA Rating ,KV Rating ,Target Voltage (120V base),Bandwidth     (120V base),R-Setting Phase A,R-Setting Phase B,R-Setting Phase C,X-Setting Phase A,X-Setting Phase B,X-Setting Phase C,Primary Current Rating (A),PT Ratio,No-Load Loss (kW),Exciting Current (%)
1,VR0001,P00000001,BUS-001,RBUS-001,3PH,CAB,ABC,825,13.8,119.6,3.6,3.5,7.1,5.3,11.9,9.3,12.8,185,2.23080,0.37000,2.02000
2,VR0002,P00000001-7,BUS-002,RBUS-002,3PH,CAB,ABC,550,23,120.2,3.7,8,6.5,9.6,10.2,18.8,11.3,165,2.75836,1.11000,1.26000
3,VR0003,P00000001-7A,BUS-003,RBUS-003,3PH,CBA,ABC,275,34.5,118.7,3.6,1.6,7.4,4.3,17.7,9.5,11.9,155,2.64711,0.53000,1.12000
4,VR0004,P00000001-9,BUS-004,RBUS-004,3PH,CAB,ABC,875,13.8,119,4,8,2.3,1.7,14.3,13.4,8.3,190,2.02959,0.25000,2.19000
5,VR0005,P00000001-17,BUS-005,RBUS-005,3PH,ACB,ABC,850,7.2,120.5,1.1,4.1,2.9,8.5,11,9.2,18.1,120,2.64780,0.27000,1.70000
6,VR0006,P00000001-19,BUS-006,RBUS-006,3PH,CAB,ABC,250,13.8,118.2,3.8,4.4,2.4,7.5,8,18.1,12.3,115,2.27479,1.47000,1.17000
7,VR0007,P00000001-19-10,BUS-007,RBUS-007,3PH,ABC,ABC,275,7.2,121.4,3.8,6.3,5.1,9.6,18.7,11.6,18,185,2.42250,0.64000,1.64000
8,VR0008,P00000001-19-38,BUS-008,RBUS-008,3PH,CBA,ABC,575,34.5,119.4,2,3.4,1.5,1.2,11.1,12.3,6.6,85,2.37197,1.43000,1.02000
9,VR0009,P00000001-24,BUS-009,RBUS-009,3PH,CBA,CBA,400,7.2,121.9,2.7,6.2,4.1,6.3,8.4,18.5,10.5,110,2.22316,0.76000,1.06000
10,VR0010,P0000000009,BUS-010,RBUS-010,3PH,ABC,CBA,700,23,120.2,3.1,3.8,1.5,1.3,5.7,5.9,13.5,25,2.10177,1.03000,1.80000
11,VR0011,P0000000013,BUS-011,RBUS-011,3PH,BAC,ABC,425,34.5,118.6,2.3,5.9,5.2,1.5,10,13.3,13.2,130,2.68397,1.24000,1.37000
12,VR0012,P0000000015,BUS-012,RBUS-012,3PH,CAB,ABC,625,34.5,120.9,1.2,7,4.4,4.4,14.5,17.1,18.7,120,2.68793,0.83000,2.46000
13,VR0013,P0000000016,BUS-013,RBUS-013,3PH,ACB,ABC,350,34.5,119.7,3.3,6.2,8.7,8.6,9.8,9.3,5.7,200,2.52261,0.24000,1.07000
14,VR0014,P0000000016-13,BUS-014,RBUS-014,3PH,ACB,ABC,850,23,120.6,3.8,4.7,7,9.6,7,7.1,13.3,60,2.46856,0.68000,2.46000
15,VR0015,P0000000025,BUS-015,RBUS-015,3PH,ABC,ABC,350,13.8,121.1,3.6,2.9,2.7,2.7,16.9,9.4,12.8,140,2.21803,0.54000,0.71000
16,VR0016,P0000000034,BUS-016,RBUS-016,3PH,ACB,ABC,925,7.2,121.3,2.5,5.2,3.1,9.4,11.4,19.4,11,170,2.45092,0.56000,1.73000
17,VR0017,P000000034A,BUS-017,RBUS-017,3PH,BAC,ABC,650,23,121.9,3.9,8,1.6,6.3,14.8,5.3,12.1,120,2.90653,1.35000,1.11000
18,VR0018,P0000000034-7,BUS-018,RBUS-018,3PH,BAC,ABC,775,7.2,119.2,2.2,7.8,1.9,8.1,17.3,19.4,13.5,95,2.29258,1.36000,1.80000
19,VR0019,P0000000034-7A,BUS-019,RBUS-019,3PH,CAB,CBA,525,23,121,1.5,10,7,3.5,17.8,11,17.8,130,2.83448,1.41000,2.02000
20,VR0020,P0000000034-9,BUS-020,RBUS-020,3PH,ACB,CBA,700,13.8,121.7,2.2,6.4,1.9,7.6,8.7,17.1,10.9,80,2.65790,0.71000,2.33000
21,VR0021,P0000000034-9a,BUS-021,RBUS-021,3PH,CAB,ABC,800,23,119.2,3.3,2,5.3,3.2,6.6,18.2,13.3,175,2.58665,0.42000,1.55000
22,VR0022,P0000000034-18,BUS-022,RBUS-022,3PH,ACB,ABC,275,7.2,119.6,3.4,3.6,7.9,3.3,18,6.9,18.2,150,2.08386,0.52000,0.63000
23,VR0023,P0000000034-29,BUS-023,RBUS-023,3PH,BCA,ABC,325,34.5,119.2,2.1,8.1,7.6,6.3,6.3,9.9,12.7,180,2.93835,1.05000,0.60000
24,VR0024,P0000000038,BUS-024,RBUS-024,3PH,CAB,ABC,375,13.8,118.4,3.5,5.5,7.6,9.8,6.8,14.2,14.9,190,2.88288,0.38000,2.02000
25,VR0025,P0000000044,BUS-025,RBUS-025,3PH,ABC,ABC,325,23,119.5,3.9,7.8,10,8.5,11.6,12,15,30,2.58536,0.39000,1.55000
26,VR0026,P0000000044-29,BUS-026,RBUS-026,3PH,BAC,ABC,475,7.2,119.6,2.9,5,1.4,1.1,15.7,12.5,9.9,150,2.41571,1.22000,2.26000
27,VR0027,P0000000044-64,BUS-027,RBUS-027,3PH,CAB,ABC,350,34.5,119.2,3.2,7,9.1,8.7,8.4,5.3,13.7,125,2.61937,0.44000,0.65000
28,VR0028,P0000000045,BUS-028,RBUS-028,3PH,CBA,ABC,425,13.8,121.9,1.5,8.4,3.6,3.9,19.4,18.9,19.9,45,2.20499,1.08000,0.75000
29,VR0029,P0000000046,BUS-029,RBUS-029,3PH,ABC,ABC,775,23,120,2.1,9.9,9.8,2.7,18.1,10.3,7.3,50,2.55480,0.98000,1.35000
30,VR0030,P0000000046-22,BUS-030,RBUS-030,3PH,BAC,ABC,900,13.8,120.8,2,5.5,3.4,1.8,16.3,14.6,6.5,170,2.56041,1.00000,0.83000
31,VR0031,P0000000049,BUS-031,RBUS-031,3PH,CBA,ABC,275,7.2,118.9,1.8,6,1.4,7.2,16.9,16.9,16.5,165,2.10930,0.69000,1.46000
32,VR0032,P0000000049A,BUS-032,RBUS-032,3PH,CAB,ABC,650,23,119.1,3.9,1.5,8.1,4,14,9.7,11.7,145,2.43249,1.06000,1.92000
33,VR0033,P0000000049-3,BUS-033,RBUS-033,3PH,ABC,ABC,625,23,119.7,3.5,9.7,7.1,1.8,15.1,11.5,13.9,105,2.92422,1.20000,1.28000
34,VR0034,P0000000054,BUS-034,RBUS-034,3PH,BCA,ABC,975,23,121,3.4,1.1,8.6,5.9,15.4,10.7,9.9,70,2.08272,1.25000,1.97000
35,VR0035,P000000054A,BUS-035,RBUS-035,3PH,BAC,CBA,275,23,118.6,1.5,3.3,4.6,9.5,19.2,8.2,16.4,105,2.81772,0.92000,1.08000
36,VR0036,P0000000054-20,BUS-036,RBUS-036,3PH,ACB,ABC,300,7.2,120.8,1.8,2.9,2.5,6,13.4,11.7,5.6,80,2.98374,1.33000,2.30000
37,VR0037,P0000000065,BUS-037,RBUS-037,3PH,ABC,ABC,575,13.8,121.4,2.6,9.2,8.7,2.2,11,14.7,18.3,70,2.59083,1.21000,1.49000
38,VR0038,P0000000072,BUS-038,RBUS-038,3PH,BCA,CBA,475,7.2,120.9,1.5,4.5,2.1,5.9,15.3,7.4,7.4,115,2.54740,0.95000,0.53000
39,VR0039,P0000000072-7,BUS-039,RBUS-039,3PH,BAC,CBA,325,23,120.2,2.8,6.6,1.3,7.3,10.6,11,14.5,40,2.01108,1.35000,0.59000
40,VR0040,P0000000073,BUS-040,RBUS-040,3PH,ACB,ABC,725,7.2,118.4,1.3,2.7,3.9,7.8,10.9,13.8,13,195,2.48399,0.85000,2.00000
41,VR0041,P0000000076,BUS-041,RBUS-041,3PH,BCA,CBA,650,34.5,121.5,2.2,1.1,6.7,6.6,16.9,9.3,11,165,2.34201,0.21000,1.55000
42,VR0042,P0000000090,BUS-042,RBUS-042,3PH,BAC,ABC,300,23,119.5,3.9,3.4,5.7,3.2,18.9,14.3,19.5,120,2.90441,0.66000,2.47000
43,VR0043,P0000000091,BUS-043,RBUS-043,3PH,BAC,ABC,875,23,120.2,3.2,6.1,4,5.1,11,14.4,8.8,30,2.53037,1.04000,1.72000
44,VR0044,P000000091A,BUS-044,RBUS-044,3PH,BCA,ABC,975,7.2,120.1,1.5,3.2,6.4,2,13,19.6,14.7,200,2.30017,0.69000,1.69000
45,VR0045,P000000091B,BUS-045,RBUS-045,3PH,ACB,ABC,875,13.8,121.6,2.2,4.9,4.8,6.5,18.3,18.8,8.6,30,2.45380,1.40000,2.23000
46,VR0046,P0000000092,BUS-046,RBUS-046,3PH,ACB,ABC,275,13.8,121.6,1.9,3.2,8.5,6.4,9.6,8,10,170,2.55287,0.63000,1.49000
47,VR0047,P000000092A,BUS-047,RBUS-047,3PH,ACB,ABC,550,23,118.6,2.1,7.5,5.8,3.9,6,5.4,11.6,110,2.80181,0.71000,2.25000
48,VR0048,P000000092B,BUS-048,RBUS-048,3PH,ACB,ABC,875,7.2,121.6,4,5.9,1.8,4.1,9.6,11.6,17.5,85,2.80882,1.17000,2.38000
49,VR0049,P0000000092-2,BUS-049,RBUS-049,3PH,ABC,ABC,450,13.8,120.9,2.6,7.6,8,7.7,8.9,14.5,10.6,145,2.01782,0.97000,1.86000
50,VR0050,P0000000092-5,BUS-050,RBUS-050,3PH,ACB,ABC,750,7.2,119.5,3.1,2.2,1.6,5.2,18.1,13.7,14.2,100,2.82295,1.45000,1.23000
51,VR0051,P0000000092-7,BUS-051,RBUS-051,3PH,ABC,ABC,925,23,121,1.5,5.4,7.2,5.9,17.3,18.8,6.3,150,2.29955,1.19000,0.90000
52,VR0052,P0000000092-8,BUS-052,RBUS-052,3PH,BAC,CBA,925,7.2,120.1,2.8,2.3,5.2,3.9,8.1,8.5,14.4,60,2.60898,1.22000,1.82000
53,VR0053,P0000000092-9,BUS-053,RBUS-053,3PH,ABC,ABC,350,13.8,121.3,2.7,2.7,3.7,9.5,7.2,5.4,16,185,2.15615,0.89000,0.53000
54,VR0054,P0000000093,BUS-054,RBUS-054,3PH,BAC,ABC,725,34.5,121,1.2,6.3,5.4,3.9,19.5,13.4,17.1,145,2.95281,0.50000,2.49000
55,VR0055,P0000000094,BUS-055,RBUS-055,3PH,CAB,ABC,800,7.2,120.6,2.8,5.6,5.5,4.5,13.8,12.9,10,130,2.64470,1.41000,2.37000
56,VR0056,P000000094A,BUS-056,RBUS-056,3PH,CBA,CBA,925,13.8,118.5,3.2,7.3,1.5,9.9,7,10.9,15,55,2.37863,1.17000,1.13000
57,VR0057,P000000094B,BUS-057,RBUS-057,3PH,ABC,ABC,750,34.5,118.6,1.7,7.2,1.8,3.2,15.7,17.7,16,60,2.65604,0.49000,1.99000
58,VR0058,P000000094C,BUS-058,RBUS-058,3PH,BCA,CBA,775,23,119.1,3.4,1.2,9.9,8.1,18.3,6.2,17.4,165,2.83577,0.71000,2.02000
59,VR0059,P0000000095,BUS-059,RBUS-059,3PH,BAC,ABC,900,13.8,119.7,3,8.6,1.5,3.4,14.5,10.8,14.4,25,2.75914,0.51000,2.49000
60,VR0060,P0000000095-7,BUS-060,RBUS-060,3PH,ABC,ABC,900,23,120.3,2.2,3.4,6.5,8.8,19.6,10.5,12.4,55,2.06678,0.64000,1.78000
61,VR0061,P0000000099,BUS-061,RBUS-061,3PH,CAB,ABC,900,13.8,121,2.7,3.4,1.7,7.3,12.6,14.6,8,120,2.15893,0.80000,1.19000
62,VR0062,P0000000100,BUS-062,RBUS-062,3PH,BAC,ABC,975,7.2,119.7,1.7,4.3,9.1,6.9,12.5,13.3,18,90,2.62989,0.23000,0.76000
63,VR0063,P000000100A,BUS-063,RBUS-063,3PH,ACB,CBA,800,23,121.3,2.9,5,1.5,2.9,19.2,10.7,6.6,185,2.00646,1.13000,0.93000
64,VR0064,P000000100B,BUS-064,RBUS-064,3PH,ABC,ABC,850,34.5,120.3,3.2,2.3,8.7,1.3,15.6,11.8,6.9,110,2.68890,0.47000,0.83000
65,VR0065,P0000000100-1,BUS-065,RBUS-065,3PH,CAB,ABC,625,13.8,120.3,2.7,3.8,6.8,6.7,9.1,9.7,6.6,175,2.55679,0.28000,0.64000
66,VR0066,P0000000100-2,BUS-066,RBUS-066,3PH,CBA,ABC,475,23,121,4,3.8,6.3,1.5,6.6,18.7,15.5,85,2.03753,1.46000,1.91000
67,VR0067,P0000000100-6,BUS-067,RBUS-067,3PH,CBA,ABC,650,13.8,119.6,3.3,2.3,7.3,4.4,8.5,5.7,15,125,2.64175,0.95000,1.05000
68,VR0068,P0000000100-6A,BUS-068,RBUS-068,3PH,ACB,ABC,950,34.5,118.2,2.5,6.3,4.1,5.6,19.9,18.3,19,180,2.87326,1.21000,1.30000
69,VR0069,P0000000100-7,BUS-069,RBUS-069,3PH,CBA,CBA,325,23,120.3,2.1,2.2,4.4,1.7,13.1,17.9,16.2,105,2.57844,1.28000,0.60000
70,VR0070,P0000000100-13,BUS-070,RBUS-070,3PH,BCA,ABC,400,23,122,1.3,6.3,6.7,3.2,14.1,19.6,16.5,40,2.03986,0.77000,1.37000
71,VR0071,P0000000100-13m,BUS-071,RBUS-071,3PH,CBA,ABC,750,23,120.5,1.4,8.5,3.9,7.7,11.4,13.7,18.7,50,2.98289,0.88000,0.87000
72,VR0072,P0000000100-13ag,BUS-072,RBUS-072,3PH,BAC,ABC,500,23,120.9,3.5,4.5,9.4,5.8,9.6,6.6,14.4,120,2.73813,0.45000,1.20000
73,VR0073,P0000000100-13ag6,BUS-073,RBUS-073,3PH,CAB,ABC,275,34.5,119.7,1.8,5.4,9.2,4.4,16,10.4,12.2,130,2.64274,1.24000,1.74000
74,VR0074,P0000000100-13ar,BUS-074,RBUS-074,3PH,BAC,ABC,975,34.5,121.1,3.1,9,1.6,8.2,9.5,6.1,10.4,100,2.35317,0.86000,0.68000
75,VR0075,P0000000100-13ax,BUS-075,RBUS-075,3PH,ABC,ABC,350,7.2,119.6,2.3,1.9,9.5,1.1,11.7,15,12.2,150,2.13488,0.43000,2.48000
76,VR0076,P0000000100-13ax15,BUS-076,RBUS-076,3PH,ACB,ABC,675,23,121.1,2.7,2.4,7.2,9,15.7,10,16.3,60,2.89591,0.22000,1.80000
77,VR0077,P0000000100-13bj,BUS-077,RBUS-077,3PH,ACB,ABC,775,7.2,118.2,1,5,5.5,5.4,11.7,12,8.8,85,2.30866,0.73000,2.14000
78,VR0078,P0000000100-16,BUS-078,RBUS-078,3PH,ABC,ABC,625,7.2,121,1.2,8.2,5.1,3.7,10.3,10.1,15.5,150,2.67342,0.42000,1.59000
79,VR0079,P0000000100-20,BUS-079,RBUS-079,3PH,CBA,ABC,450,13.8,118.6,1.3,4.5,5,3.2,5.1,10.7,15.2,120,2.54656,0.80000,0.78000
80,VR0080,P0000000100-28,BUS-080,RBUS-080,3PH,CBA,CBA,350,23,120.6,2.9,10,7.2,1,8.2,13.9,8.4,180,2.17952,0.81000,1.27000
81,VR0081,P0000000100-30,BUS-081,RBUS-081,3PH,CBA,ABC,550,7.2,118.6,2,6,1.3,5.7,13.1,11.4,6.3,135,2.20828,0.21000,0.56000
82,VR0082,P0000000100-30i,BUS-082,RBUS-082,3PH,ACB,ABC,325,13.8,121.5,1.7,4.4,4.4,2.9,9.9,19.1,10.9,160,2.91502,0.56000,2.12000
83,VR0083,P0000000100-39,BUS-083,RBUS-083,3PH,ACB,ABC,400,7.2,121,1.1,6.9,6.2,8,14.3,15,15.2,135,2.14099,0.99000,2.39000
84,VR0084,P0000000100-39h,BUS-084,RBUS-084,3PH,ABC,CBA,950,13.8,121.8,3.2,10,2.7,4.7,7.5,16.1,9.5,150,2.92305,0.42000,1.03000
85,VR0085,P0000000100-39X,BUS-085,RBUS-085,3PH,BCA,ABC,900,34.5,120.9,3,7.2,5.3,4.8,7.1,12.1,11.7,150,2.69597,0.56000,1.45000
86,VR0086,P0000000100-42,BUS-086,RBUS-086,3PH,CBA,ABC,275,23,121,1.9,9.2,3.3,4,14.6,15.2,5.8,70,2.77473,0.33000,0.65000
87,VR0087,P0000000100-43,BUS-087,RBUS-087,3PH,BAC,ABC,850,34.5,121.9,1.6,8.1,2.2,1.6,13.7,18.3,16.2,80,2.39532,0.70000,0.64000
88,VR0088,P0000000100-50,BUS-088,RBUS-088,3PH,BCA,ABC,425,23,120.1,2.7,6.9,9.4,3.9,19,10.9,12.5,130,2.54449,1.27000,1.29000
89,VR0089,P0000000100-55,BUS-089,RBUS-089,3PH,CBA,CBA,875,13.8,121.4,3.9,5.5,9.5,9.4,12.2,8.7,12.1,135,2.59499,1.28000,1.45000
90,VR0090,P0000000100-55-4,BUS-090,RBUS-090,3PH,CBA,ABC,700,23,121.6,1.5,4.3,3,4.2,5.7,5.6,12.7,150,2.29594,0.75000,1.47000
91,VR0091,P0000000100-58,BUS-091,RBUS-091,3PH,BAC,ABC,750,7.2,118.8,2.2,7.1,7.7,9.8,8.2,15.4,16.5,115,2.91804,0.33000,0.74000
92,VR0092,P0000000100-66,BUS-092,RBUS-092,3PH,BCA,ABC,625,34.5,121,2.5,5.2,8.1,9.6,8.9,12.3,5.6,35,2.22897,0.81000,2.32000
93,VR0093,P0000000100-71,BUS-093,RBUS-093,3PH,CAB,ABC,875,13.8,120.9,1.3,4.1,3,7.3,9.6,14.2,11.4,75,2.11751,1.49000,1.47000
94,VR0094,P0000000100-71-3,BUS-094,RBUS-094,3PH,CAB,ABC,450,23,121.9,2.9,7.6,5.4,5.9,5.9,11.8,17.1,130,2.40234,1.33000,0.83000
95,VR0095,P0000000100-72,BUS-095,RBUS-095,3PH,BCA,CBA,650,7.2,120.4,2.9,7,8,7,10,11.2,11.2,60,2.06915,0.44000,1.86000
96,VR0096,P0000000100-72M,BUS-096,RBUS-096,3PH,BCA,ABC,900,23,120.9,3.7,4.7,9.1,1.1,14,12.9,15.2,190,2.40910,1.48000,1.66000
97,VR0097,P0000000100-72Q,BUS-097,RBUS-097,3PH,CAB,ABC,275,23,118.9,3,5.9,9.4,8.8,17,15,19.1,85,2.42821,0.82000,0.56000
98,VR0098,P0000000100-72Q8,BUS-098,RBUS-098,3PH,CAB,ABC,725,23,118.6,2.1,6.7,6.3,2.1,15,6.3,9.3,85,2.29174,0.49000,1.30000
99,VR0099,P0000000100-72Q8c,BUS-099,RBUS-099,3PH,ABC,ABC,575,34.5,119.2,3.2,6.2,6.7,2.9,7.2,12.5,15.9,35,2.36197,0.65000,0.94000
100,VR0100,P0000000100-72Q12,BUS-100,RBUS-100,3PH,ACB,ABC,725,7.2,119.9,1.5,4,1.9,4,6.9,11.5,14.5,100,2.61598,1.07000,0.63000
101,VR0101,P0000000100-72Y,BUS-101,RBUS-101,3PH,CAB,ABC,900,7.2,121.8,2.9,2.4,1.2,5.7,17.3,7.7,18.9,140,2.65103,1.10000,1.84000
102,VR0102,P0000000100-74,BUS-102,RBUS-102,3PH,ACB,ABC,950,23,118.3,2.8,3.4,8.1,3,18.2,10.5,13.9,80,2.47588,0.27000,2.16000
103,VR0103,P0000000100-79,BUS-103,RBUS-103,3PH,ACB,ABC,300,7.2,122,3.6,7.3,9.3,8.5,19.8,10,13.8,150,2.70277,0.70000,2.38000
104,VR0104,P0000000100-85,BUS-104,RBUS-104,3PH,BAC,ABC,300,7.2,118.7,3.6,9.3,6.7,8.5,8.8,7.9,5.1,155,2.04317,0.68000,1.89000
105,VR0105,P0000000102,BUS-105,RBUS-105,3PH,CAB,ABC,775,23,119.6,2.9,5.9,10,9.1,13.7,19.1,15.5,55,2.19844,0.38000,0.66000
106,VR0106,P0000000106,BUS-106,RBUS-106,3PH,CBA,ABC,750,13.8,118.9,3.8,4.8,5.1,4.1,7.6,14.4,18.3,115,2.32745,0.85000,1.33000
107,VR0107,P000000106A,BUS-107,RBUS-107,3PH,ACB,CBA,800,13.8,119.4,2.7,6.4,9.9,5.5,19.3,5.3,9.6,55,2.76741,0.50000,1.82000
108,VR0108,P0000000106-1,BUS-108,RBUS-108,3PH,CAB,ABC,850,23,121.3,3.2,8.9,3.2,6.6,14.2,12.9,16,25,2.84333,0.56000,0.77000
109,VR0109,P0000000106-2,BUS-109,RBUS-109,3PH,CAB,ABC,500,13.8,119.4,3.5,4.6,5.9,5.2,12.9,14.3,19.7,125,2.40115,0.46000,0.66000
110,VR0110,P0000000108,BUS-110,RBUS-110,3PH,CBA,ABC,925,13.8,121.1,3,3.1,3.5,2.9,6.2,13.6,16.9,85,2.21825,1.28000,1.03000
111,VR0111,P0000000108-4,BUS-111,RBUS-111,3PH,ACB,ABC,925,7.2,120.3,3.2,6.3,7.4,7.1,8.5,15.8,10.3,140,2.15122,0.83000,1.25000
112,VR0112,P0000000108-4A,BUS-112,RBUS-112,3PH,ACB,ABC,850,34.5,118.8,2.1,4,8.5,6.4,8.5,17,16.4,35,2.21098,0.48000,2.03000
113,VR0113,P0000000108-4b,BUS-113,RBUS-113,3PH,CAB,ABC,900,34.5,118.9,1.3,6.4,7.7,3.6,9.8,5.8,19.8,80,2.88821,1.05000,2.04000
114,VR0114,P0000000108-5,BUS-114,RBUS-114,3PH,BAC,ABC,575,23,121.4,3.9,8.8,5,9.9,18.4,10.5,12.4,45,2.55198,1.36000,1.63000
115,VR0115,P0000000108-7,BUS-115,RBUS-115,3PH,ABC,ABC,350,7.2,119.3,3.3,3.6,3.4,7.1,13.1,10.1,8.1,120,2.78362,0.89000,1.78000
116,VR0116,P0000000108-7A,BUS-116,RBUS-116,3PH,CBA,ABC,525,23,121.3,2.5,8.7,1.3,3.1,11.7,19.6,16.2,105,2.34031,0.34000,1.76000
117,VR0117,P0000000108-8,BUS-117,RBUS-117,3PH,ACB,CBA,650,34.5,121.4,2.8,1.4,3.8,2.5,12.5,17.2,13.4,65,2.65101,0.35000,2.48000
118,VR0118,P0000000108-10,BUS-118,RBUS-118,3PH,ACB,ABC,350,34.5,120,2.3,4.6,7.5,7.4,10.6,12.1,5.8,95,2.89062,0.73000,1.75000
119,VR0119,P0000000108-11,BUS-119,RBUS-119,3PH,ACB,ABC,525,7.2,120.6,2.3,9.7,5,7,14.2,17.3,10.8,165,2.87441,1.45000,1.99000
120,VR0120,P0000000108-12,BUS-120,RBUS-120,3PH,CAB,ABC,700,7.2,121.5,1.7,5.3,6.6,4.3,8.1,5.9,15.8,90,2.59882,0.54000,0.78000
121,VR0121,P0000000108-12b,BUS-121,RBUS-121,3PH,ABC,CBA,475,34.5,121.8,2.8,2.7,8.9,6.4,19.3,14.6,17.8,45,2.89890,1.37000,1.16000
122,VR0122,P0000000108-12f,BUS-122,RBUS-122,3PH,BCA,ABC,775,23,121.2,3.3,5.9,7.3,4.6,15,12.4,16.9,180,2.59066,1.24000,2.42000
123,VR0123,P0000000108-12h,BUS-123,RBUS-123,3PH,CAB,CBA,625,7.2,121.2,2.4,3.3,8.6,1.3,12.2,8.6,9,145,2.17525,1.21000,1.97000
124,VR0124,P0000000108-18,BUS-124,RBUS-124,3PH,ACB,ABC,575,13.8,118.2,2.7,3.9,1.1,8.1,14.3,9.1,6.2,160,2.77593,1.19000,0.59000
125,VR0125,P0000000108-19,BUS-125,RBUS-125,3PH,BAC,ABC,400,13.8,120.4,1,4.9,3.7,4.8,17.7,6.8,6.2,130,2.06005,1.11000,1.69000
126,VR0126,P0000000108-20,BUS-126,RBUS-126,3PH,ABC,ABC,625,23,121.9,3.7,2.8,3.5,1.9,17.3,6.5,9,135,2.81177,0.33000,0.62000
127,VR0127,P0000000108-20C,BUS-127,RBUS-127,3PH,BAC,ABC,650,23,120,4,4.6,3.1,3.9,12.9,13.3,17.1,160,2.41773,1.33000,2.39000
128,VR0128,P0000000108-20O,BUS-128,RBUS-128,3PH,BCA,ABC,450,7.2,118.1,1.9,3.9,8,7.6,8.7,10.6,8.9,130,2.11250,0.27000,1.31000
129,VR0129,P0000000108-21,BUS-129,RBUS-129,3PH,BAC,ABC,825,23,121.4,1.4,1.9,8.1,5.8,6.1,5.3,5.8,100,2.45876,1.11000,1.02000
130,VR0130,P0000000108-21b,BUS-130,RBUS-130,3PH,CAB,ABC,450,34.5,118.8,1.2,5.6,1.4,5.2,6.9,14.8,13.7,130,2.39700,1.16000,2.13000
131,VR0131,P0000000108-24,BUS-131,RBUS-131,3PH,BAC,CBA,325,34.5,120.4,3.6,6.3,4,7.7,18.6,13.5,7.9,45,2.65345,0.36000,1.64000
132,VR0132,P0000000108-24A,BUS-132,RBUS-132,3PH,ABC,ABC,325,34.5,118.8,1.7,9.5,9.1,8.2,6.6,11.7,5.7,140,2.98376,0.32000,0.65000
133,VR0133,P0000000108-24-1,BUS-133,RBUS-133,3PH,ABC,ABC,875,34.5,120.9,1.3,4.1,3.4,1.9,16.2,14,9.5,155,2.78254,0.94000,0.84000
134,VR0134,P0000000108-30,BUS-134,RBUS-134,3PH,ABC,ABC,400,13.8,120.1,3.2,3.1,4.3,9.4,6.9,10.9,6.6,165,2.93263,0.35000,1.07000
135,VR0135,P0000000108-33,BUS-135,RBUS-135,3PH,CAB,ABC,325,7.2,120.2,3.4,5,1.3,1.5,9.1,15.3,6,165,2.24477,0.48000,2.31000
136,VR0136,P0000000108-45,BUS-136,RBUS-136,3PH,ACB,ABC,675,34.5,121.6,1.6,7.5,4.6,3.3,8,15.7,6.6,200,2.28295,1.14000,2.45000
137,VR0137,P0000000108-45H,BUS-137,RBUS-137,3PH,CBA,ABC,725,34.5,119.3,2.5,2,2.1,2.1,8.7,7.1,17.4,175,2.26672,0.79000,0.77000
138,VR0138,P0000000108-45A,BUS-138,RBUS-138,3PH,ACB,ABC,850,23,120.9,1.3,9.7,7.8,8.5,9.8,6.9,9.7,170,2.88171,1.46000,1.21000
139,VR0139,P0000000108-58,BUS-139,RBUS-139,3PH,ACB,ABC,650,13.8,119.8,2.8,6.7,7,8.7,19.7,6.3,19.6,35,2.08773,1.09000,1.42000
140,VR0140,P0000000108-58M,BUS-140,RBUS-140,3PH,ACB,ABC,775,7.2,120.8,1.1,2.9,6.9,7.7,18.3,12.7,14.6,150,2.85088,1.12000,1.54000
141,VR0141,P0000000108-58R,BUS-141,RBUS-141,3PH,BAC,ABC,400,7.2,120.4,3,9.5,2.8,8,15.4,6.2,12.1,60,2.96421,1.14000,1.97000
142,VR0142,P0000000108-58R11,BUS-142,RBUS-142,3PH,BCA,ABC,425,7.2,120.4,1.1,5.2,1.2,3.4,18.5,8.7,5.2,45,2.99441,0.48000,1.11000
143,VR0143,P0000000108-58AA,BUS-143,RBUS-143,3PH,ACB,ABC,600,34.5,118.5,4,4.6,4.5,6.6,10.3,18.7,13.6,45,2.44525,0.50000,1.47000
144,VR0144,P0000000108-58AN,BUS-144,RBUS-144,3PH,CBA,ABC,875,13.8,118.7,3.1,6.4,7,1.3,6.1,15.2,7.3,175,2.66297,0.74000,1.02000
145,VR0145,P0000000108-58AN9,BUS-145,RBUS-145,3PH,ABC,ABC,575,13.8,120.5,2.4,5.2,4.1,2.8,20,17,6.5,140,2.23792,0.24000,2.06000
146,VR0146,P0000000108-58AO,BUS-146,RBUS-146,3PH,ABC,ABC,425,13.8,119.8,2.3,7.3,4.8,8.2,12.3,7.4,17.4,175,2.37571,0.79000,1.10000
147,VR0147,P0000000108-58AO4,BUS-147,RBUS-147,3PH,CAB,ABC,925,34.5,121.7,2.4,9.8,2.6,7.7,17.5,10,9.4,110,2.87112,1.37000,1.08000
148,VR0148,P0000000108-58AV,BUS-148,RBUS-148,3PH,CAB,ABC,325,13.8,120.4,1.8,4.9,3.5,8.2,5.7,6.6,9.4,140,2.31070,1.23000,1.80000
149,VR0149,P0000000108-59,BUS-149,RBUS-149,3PH,CBA,ABC,600,34.5,118.7,3.9,1.5,2.1,1.1,14.3,12.8,16.3,55,2.26993,0.73000,1.39000
150,VR0150,P0000000108-59A,BUS-150,RBUS-150,3PH,ABC,ABC,475,23,119.8,3.1,9.5,1.1,1.7,5.6,12.6,8.1,30,2.53856,1.04000,0.82000
151,VR0151,P0000000108-59f,BUS-151,RBUS-151,3PH,CBA,ABC,525,13.8,119.2,3.8,3.5,10,1.6,5.7,17.8,15.4,85,2.06432,0.78000,1.49000
152,VR0152,P0000000108-59j,BUS-152,RBUS-152,3PH,CBA,ABC,375,13.8,121.4,1.3,3.9,3,3.9,13.8,14.8,6.7,165,2.97047,0.84000,0.83000
153,VR0153,P0000000108-59p,BUS-153,RBUS-153,3PH,ABC,ABC,700,13.8,119.5,1.5,3.2,5.3,6.7,15.5,16.5,16,140,2.22459,0.45000,2.37000
154,VR0154,P0000000108-60,BUS-154,RBUS-154,3PH,ABC,ABC,875,13.8,119.1,3.1,7.8,2.5,9.1,5.4,18.1,19.8,35,2.08529,0.43000,1.01000
155,VR0155,P0000000108-63,BUS-155,RBUS-155,3PH,CAB,ABC,250,13.8,121.9,3.8,2.1,6.4,5.7,12.6,13.5,15.5,40,2.98916,0.53000,1.90000
156,VR0156,P0000000110,BUS-156,RBUS-156,3PH,ACB,ABC,975,34.5,121.7,2.3,3.7,8.9,6,8.1,17.3,9.1,75,2.89304,0.51000,1.76000
157,VR0157,P0000000111,BUS-157,RBUS-157,3PH,ABC,ABC,275,23,121.6,2.1,3.6,9.2,6.9,5.4,16,6.5,60,2.06383,1.23000,1.15000
158,VR0158,P000000111A,BUS-158,RBUS-158,3PH,BAC,ABC,325,23,120.9,4,1.9,2.9,4.1,15.1,18.7,13.5,185,2.55624,0.80000,2.02000
159,VR0159,P0000000112,BUS-159,RBUS-159,3PH,BCA,ABC,400,13.8,120.8,1.5,8.4,5.4,2.8,15.6,10.9,19.6,45,2.54123,1.44000,1.71000
160,VR0160,P0000000113,BUS-160,RBUS-160,3PH,CBA,ABC,825,7.2,121,3.2,6.4,3.7,4.5,6.3,17.5,6.2,175,2.86477,0.59000,2.45000
161,VR0161,P0000000115,BUS-161,RBUS-161,3PH,CBA,CBA,925,23,119,1,5.5,7.4,8.6,6.7,5,15.3,60,2.70092,1.01000,1.61000
162,VR0162,P000000115A,BUS-162,RBUS-162,3PH,BCA,ABC,850,7.2,121.6,3.8,3.9,7.7,5.9,19.9,19.1,12.4,75,2.14972,0.63000,2.37000
163,VR0163,P000000115B,BUS-163,RBUS-163,3PH,CBA,ABC,625,34.5,118.6,2.4,6.5,5.5,2.1,16.6,19.8,15.1,105,2.44491,0.99000,0.52000
164,VR0164,P000000115C,BUS-164,RBUS-164,3PH,ACB,ABC,800,7.2,119.2,1.3,5.7,1.2,5.9,15,19.4,8.7,185,2.17007,0.56000,1.07000
165,VR0165,P0000000115-4,BUS-165,RBUS-165,3PH,BCA,ABC,300,13.8,119.8,3.7,4.4,7,2.8,15.3,19.5,8.7,165,2.26435,0.49000,1.82000
166,VR0166,P0000000116,BUS-166,RBUS-166,3PH,CAB,CBA,900,13.8,121.9,4,6.8,1.4,7.6,18.3,9.9,7.1,65,2.67386,1.48000,1.92000
167,VR0167,P0000000117,BUS-167,RBUS-167,3PH,ABC,ABC,850,34.5,121.9,2.1,8.5,8.3,8.9,6.9,18.8,11.8,100,2.75319,0.89000,1.98000
168,VR0168,P000000117B,BUS-168,RBUS-168,3PH,CAB,CBA,400,7.2,118.7,2.4,3.9,4.5,1.1,7.4,5.1,12.3,95,2.48706,0.85000,1.54000
169,VR0169,P0000000119,BUS-169,RBUS-169,3PH,ACB,ABC,775,13.8,120.7,3.1,5.8,3.2,6.5,18.8,11.5,13,195,2.25626,0.36000,0.72000
170,VR0170,P0000000119-3,BUS-170,RBUS-170,3PH,BAC,ABC,775,23,119.4,1.3,8.7,5.5,3.1,17.5,10.5,13.2,195,2.34234,1.05000,1.35000
171,VR0171,P0000000121,BUS-171,RBUS-171,3PH,BCA,CBA,725,7.2,120.3,1.7,4.1,2,2.9,5.7,10.3,5.6,75,2.39864,0.38000,0.70000
172,VR0172,P000000121A,BUS-172,RBUS-172,3PH,ACB,ABC,525,34.5,118.8,3.9,6.9,8.4,6.4,17.9,14.3,9.5,65,2.44983,1.07000,0.91000
173,VR0173,P0000000122,BUS-173,RBUS-173,3PH,BAC,ABC,925,34.5,120.2,2.8,7.3,3.2,7.8,9.9,12.7,7.6,180,2.35234,1.34000,0.96000
174,VR0174,P000000122A,BUS-174,RBUS-174,3PH,CBA,ABC,650,7.2,120.9,3.2,1.8,2.6,8,6,9.6,10.9,65,2.14350,1.01000,2.15000
175,VR0175,P0000000122-3,BUS-175,RBUS-175,3PH,CBA,ABC,525,23,119.3,1.4,3.8,2.8,3.9,14.9,7,13.4,150,2.56200,1.42000,2.22000
176,VR0176,P0000000122-3b,BUS-176,RBUS-176,3PH,CAB,ABC,425,23,118.9,2.7,5.1,7.7,4.5,19.9,18.6,13.9,65,2.91254,0.54000,0.64000
177,VR0177,P0000000122-4,BUS-177,RBUS-177,3PH,ABC,ABC,300,13.8,119,3.8,5.9,9.5,6.8,7.6,10,7.8,30,2.78820,1.23000,1.65000
178,VR0178,P0000000125,BUS-178,RBUS-178,3PH,BAC,CBA,925,13.8,120.9,3.9,6.9,6.3,6.7,13.6,19.3,17.8,40,2.81574,1.35000,0.69000
179,VR0179,P000000125A,BUS-179,RBUS-179,3PH,ABC,ABC,650,23,119.9,3.4,3.9,5.9,7.6,11.2,10.1,13.3,150,2.54748,0.24000,0.94000
180,VR0180,P0000000126,BUS-180,RBUS-180,3PH,ABC,ABC,775,13.8,121.1,1.2,6,9.9,1.3,5.2,18.1,17,45,2.72071,0.92000,2.02000
181,VR0181,P0000000126-2,BUS-181,RBUS-181,3PH,CAB,ABC,775,34.5,119.5,3,9.4,4.5,9.7,6.8,19,15.9,175,2.20248,1.26000,0.97000
182,VR0182,P0000000126-6,BUS-182,RBUS-182,3PH,BAC,ABC,925,7.2,119.4,1.7,1.9,7.1,5,19.8,10.9,10.3,95,2.18539,0.66000,2.36000
183,VR0183,P0000000126-8,BUS-183,RBUS-183,3PH,CBA,ABC,975,34.5,121.1,3.7,6.3,1.5,6.2,8.5,9.2,6.4,140,2.88769,0.30000,0.81000
184,VR0184,P0000000126-8A,BUS-184,RBUS-184,3PH,ACB,ABC,425,23,120.8,2.5,2.3,8.3,4.3,8.1,19.3,16.6,105,2.32735,0.39000,0.65000
185,VR0185,P0000000126-8B,BUS-185,RBUS-185,3PH,CAB,ABC,825,7.2,118.4,2.6,4.7,3.2,8.8,19.6,16.7,7.6,175,2.90883,1.17000,1.94000
186,VR0186,P0000000126-8B1,BUS-186,RBUS-186,3PH,CAB,ABC,350,23,121.7,2.9,2.4,7,5,18.3,7.8,17.5,45,2.36444,0.96000,1.23000
187,VR0187,P0000000126-8a,BUS-187,RBUS-187,3PH,CBA,ABC,850,23,120.5,2.6,6.8,3.2,7.9,7.6,8.5,10.5,175,2.79185,0.38000,1.91000
188,VR0188,P0000000126-8b,BUS-188,RBUS-188,3PH,CAB,ABC,425,7.2,118.2,4,2.1,1.9,7.9,5.1,8.5,11.3,35,2.32371,0.40000,0.81000
189,VR0189,P0000000126-10,BUS-189,RBUS-189,3PH,CAB,CBA,300,7.2,118.6,3.1,2.4,7.1,9.5,17.8,18.5,19.3,95,2.36062,0.30000,0.51000
190,VR0190,P0000000126-12,BUS-190,RBUS-190,3PH,CAB,CBA,425,23,119.2,1.2,9,9.6,7.2,18.5,9.3,16.4,165,2.03220,0.31000,0.93000
191,VR0191,P0000000128,BUS-191,RBUS-191,3PH,ACB,ABC,550,7.2,119.9,2.5,4,4.3,9.1,7.8,15.4,5.4,170,2.83948,0.38000,1.54000
192,VR0192,P0000000128-4,BUS-192,RBUS-192,3PH,CBA,ABC,350,34.5,121.5,3.5,4.8,3.9,7.3,7,18.1,8.6,65,2.64618,0.33000,1.48000
193,VR0193,P0000000128-4A,BUS-193,RBUS-193,3PH,ABC,ABC,950,7.2,121,1.9,1.2,6.2,3.9,12.9,13.9,8.4,90,2.95828,1.41000,1.59000
194,VR0194,P0000000129,BUS-194,RBUS-194,3PH,BAC,ABC,325,7.2,119.8,1.3,9.1,3.1,1.3,19.4,13.5,17.7,85,2.17053,1.33000,2.29000
195,VR0195,P0000000130,BUS-195,RBUS-195,3PH,CAB,ABC,425,23,119.7,3.8,7.6,5.4,8.9,14.8,19.6,18.5,190,2.32067,0.95000,0.99000
196,VR0196,P0000000130-16,BUS-196,RBUS-196,3PH,BCA,ABC,825,34.5,120.6,1,8.6,1.1,3,6.5,10.9,11.9,95,2.29457,0.96000,0.53000
197,VR0197,P0000000130-20,BUS-197,RBUS-197,3PH,ACB,ABC,325,13.8,118.8,2.5,6.3,4.9,6,7.9,15.2,14.8,40,2.89589,1.17000,0.81000
198,VR0198,P0000000130-25,BUS-198,RBUS-198,3PH,CBA,ABC,350,23,118.4,2.9,5,1.6,5.4,10.8,12.3,19.5,115,2.79082,1.01000,0.98000
199,VR0199,P0000000130-31,BUS-199,RBUS-199,3PH,BAC,ABC,275,23,121,2,6.4,5.9,5.1,12.8,8.3,18.7,195,2.32718,0.97000,1.03000
200,VR0200,P0000000130-31A,BUS-200,RBUS-200,3PH,ABC,ABC,300,23,119.6,2.6,6,1.2,8.7,17.8,5.3,14.5,150,2.49624,0.69000,0.93000
201,VR0201,P0000000130-31-4,BUS-201,RBUS-201,3PH,CAB,CBA,275,7.2,121.3,2.2,2.1,6.1,3,16.2,7.8,10.8,40,2.31105,0.71000,1.26000
202,VR0202,P0000000130-31-9,BUS-202,RBUS-202,3PH,ACB,ABC,375,7.2,121.5,2.9,7.2,6.2,8.9,18.4,8.4,13.9,120,2.54209,0.25000,2.35000
203,VR0203,P0000000130-49,BUS-203,RBUS-203,3PH,CBA,ABC,625,13.8,121.9,2.7,3.4,3.8,9.6,6.9,8.2,14,130,2.10022,0.98000,0.98000
204,VR0204,P0000000130-53,BUS-204,RBUS-204,3PH,BCA,ABC,475,7.2,119.8,3.5,5.8,2.1,9.3,18.8,16.2,15.6,200,2.50798,0.52000,2.47000
205,VR0205,P0000000130-53-8,BUS-205,RBUS-205,3PH,ACB,ABC,600,7.2,119,2.5,3.9,4,7.9,13.1,19.7,13.9,35,2.62539,1.19000,1.61000
206,VR0206,P0000000130-53-20,BUS-206,RBUS-206,3PH,ABC,ABC,900,7.2,119.3,2.8,2.9,9.2,3.8,16.5,6.1,14.8,135,2.95595,0.22000,2.19000
207,VR0207,P0000000130-53-20F,BUS-207,RBUS-207,3PH,CAB,ABC,800,34.5,120.6,3.5,5.5,3,3.4,16.7,15.6,13,85,2.83712,1.38000,2.05000
208,VR0208,P0000000130-53-24,BUS-208,RBUS-208,3PH,BAC,ABC,600,23,118.2,2.3,9.9,8.5,9.8,7.1,10.2,14.3,140,2.45781,0.59000,0.78000
209,VR0209,P0000000130-53-38,BUS-209,RBUS-209,3PH,BAC,ABC,625,23,120.2,2.5,4.9,9.2,9.3,11.6,15.1,9.7,70,2.53018,0.73000,1.34000
210,VR0210,P0000000130-53-44,BUS-210,RBUS-210,3PH,CAB,ABC,625,23,119.6,2.6,8.5,9.7,3.6,5.6,19.5,19.6,50,2.46087,0.59000,0.88000
211,VR0211,P0000000130-56,BUS-211,RBUS-211,3PH,ABC,ABC,850,13.8,119.7,2,3.4,8.6,9.2,12.4,10.1,10.8,25,2.42717,0.60000,0.84000
212,VR0212,P0000000130-56-4,BUS-212,RBUS-212,3PH,CAB,ABC,875,7.2,121.6,1.9,2.4,7.2,2.2,8.5,12.7,6.7,180,2.96630,0.20000,1.40000
213,VR0213,P0000000130-56-12,BUS-213,RBUS-213,3PH,CAB,ABC,400,13.8,119.9,3,8.7,7.8,6.8,19.5,13.9,18.3,120,2.66502,0.28000,0.71000
214,VR0214,P0000000130-62,BUS-214,RBUS-214,3PH,BCA,ABC,425,13.8,121.4,2.8,6,3.4,9.2,13.9,6.7,6.4,130,2.17614,1.25000,1.09000
215,VR0215,P0000000130-63,BUS-215,RBUS-215,3PH,BAC,ABC,925,7.2,120.2,2.9,2.3,7.4,4.3,15.4,6.6,6.7,140,2.40861,0.83000,0.57000
216,VR0216,P0000000130-70,BUS-216,RBUS-216,3PH,BAC,ABC,900,7.2,118.6,2.1,1.5,4.3,1.7,5.8,11.3,15.5,100,2.48263,0.61000,2.06000
217,VR0217,P0000000130-88,BUS-217,RBUS-217,3PH,BAC,ABC,725,34.5,120.3,1.4,1.7,3.9,8.8,5.8,13.2,14.6,75,2.64738,0.93000,0.52000
218,VR0218,P0000000130-88A,BUS-218,RBUS-218,3PH,CBA,CBA,400,23,119.6,3.7,2.5,2.1,7,16.1,11.2,17,135,2.17902,0.29000,2.26000
219,VR0219,P0000000130-88A-18,BUS-219,RBUS-219,3PH,ACB,ABC,325,7.2,120.8,3.3,8,4.9,9.8,17.2,10.3,9.9,175,2.55629,0.95000,0.97000
220,VR0220,P0000000130-98,BUS-220,RBUS-220,3PH,CBA,ABC,900,34.5,121.5,3.5,6.3,7.6,7.1,17.9,11.3,10.5,135,2.02307,0.56000,1.69000
221,VR0221,P0000000130-98A,BUS-221,RBUS-221,3PH,BCA,ABC,700,13.8,120,1.6,8,6.4,8.5,15.1,10.7,5.1,95,2.35990,0.58000,1.81000
222,VR0222,P0000000130-117,BUS-222,RBUS-222,3PH,CAB,ABC,700,34.5,119.2,2.8,8.4,9.6,6.1,14.6,15.7,13,165,2.42608,1.21000,2.11000
223,VR0223,P0000000132,BUS-223,RBUS-223,3PH,ABC,ABC,625,13.8,118.1,1.4,6.8,3.5,9.4,14.5,7.6,9.2,150,2.39603,0.59000,1.20000
224,VR0224,P0000000132-3,BUS-224,RBUS-224,3PH,BAC,ABC,425,34.5,118.7,2,6.9,8.5,8.9,17.9,10.7,8.6,35,2.88789,0.86000,0.65000
225,VR0225,P0000000132-3B,BUS-225,RBUS-225,3PH,BAC,ABC,925,34.5,120.2,1.9,1.5,3.7,8.8,15.9,8.8,13.8,75,2.12123,0.74000,0.54000
226,VR0226,P0000000132-3D,BUS-226,RBUS-226,3PH,BAC,ABC,575,23,121,3.2,3.9,4.2,9.9,7.1,12.7,10.7,105,2.59717,0.75000,0.98000
227,VR0227,P0000000132-3D1,BUS-227,RBUS-227,3PH,CBA,ABC,400,13.8,118.6,1.1,4.1,9.8,9.1,19.6,16.6,17.1,160,2.36316,0.73000,0.72000
228,VR0228,P0000000132-3E,BUS-228,RBUS-228,3PH,CAB,ABC,425,23,119,3.9,5.4,8.2,5.2,17.6,19.5,11.7,195,2.70425,1.17000,1.40000
229,VR0229,P0000000132-3G,BUS-229,RBUS-229,3PH,BAC,ABC,575,7.2,118,3.8,1.9,4.7,4.7,11.1,11.7,18,190,2.96595,0.26000,1.10000
230,VR0230,P0000000132-3H,BUS-230,RBUS-230,3PH,ABC,ABC,725,34.5,119.8,3.7,6.5,8.8,2.4,7.6,10.2,19,135,2.80845,0.24000,1.25000
231,VR0231,P0000000132-3H1,BUS-231,RBUS-231,3PH,ABC,ABC,700,7.2,121.4,2.1,2.9,4,9,10.4,19.5,11.3,55,2.79738,0.48000,2.14000
232,VR0232,P0000000132-3I,BUS-232,RBUS-232,3PH,CBA,ABC,350,23,121,1.4,6.2,6.3,5.5,12.2,14.8,10.9,105,2.63453,0.61000,2.48000
233,VR0233,P0000000132-5,BUS-233,RBUS-233,3PH,BCA,ABC,425,34.5,121.8,1.9,5.3,1.3,1.6,14.4,10.7,14.7,165,2.13636,0.21000,0.96000
234,VR0234,P0000000132-9,BUS-234,RBUS-234,3PH,CBA,ABC,850,34.5,119.4,2.8,2.7,3.2,4.2,18.3,10.7,18.8,90,2.39633,0.76000,0.63000
235,VR0235,P0000000132-14,BUS-235,RBUS-235,3PH,BAC,ABC,750,23,119.1,2.3,8.9,4.2,3,14.7,14.5,11.5,90,2.61098,1.37000,2.12000
236,VR0236,P0000000134,BUS-236,RBUS-236,3PH,BCA,CBA,575,13.8,121,3.4,9.3,2.1,6.9,19.7,11.3,16.2,195,2.31808,0.81000,2.39000
237,VR0237,P0000000134-2,BUS-237,RBUS-237,3PH,ABC,CBA,325,7.2,120.7,3,3.1,3.7,2.9,6.8,14.9,13.1,130,2.62285,0.51000,1.99000
238,VR0238,P0000000136,BUS-238,RBUS-238,3PH,ABC,ABC,850,34.5,119.6,2.6,5.5,3.8,4.1,16.9,5.1,17,50,2.96666,0.92000,0.68000
239,VR0239,P0000000137,BUS-239,RBUS-239,3PH,CAB,ABC,500,7.2,120.2,3.6,4.2,8.5,9.8,5.5,16.9,10.4,130,2.17688,1.16000,0.71000
