transformer_id,peak_load_kw,capacity_kva,capacity_kw,utilization_percent,load_status
DT0000000034-18U,4.71,25.0,22.5,20.93,Underutilized
DT000000094CU,0.0,75.0,67.5,0.0,Underutilized
DT0000000108-4bU,25.69,37.5,33.75,76.13,Normal
DT0000000100U,14.69,37.5,33.75,43.53,Normal
DT0000000108-4U,9.86,37.5,33.75,29.21,Underutilized
DT0000000106U,27.48,75.0,67.5,40.7,Normal
DT0000000110U,20.45,50.0,45.0,45.45,Normal
DT0000000102U,0.94,25.0,22.5,4.16,Underutilized
DT0000000106-2U,23.19,75.0,67.5,34.36,Underutilized
DT0000000122-4U,17.14,37.5,33.75,50.79,Normal
DT000000115-4U,12.3,25.0,22.5,54.68,Normal
DT0000000115U,35.48,50.0,45.0,78.85,Normal
DT0000000121U,14.51,50.0,45.0,32.25,Underutilized
DT0000000122-3bU,13.74,25.0,22.5,61.06,Normal
DT0000000132-5U,39.2,75.0,67.5,58.07,Normal
DT000000115BU,0.46,37.5,33.75,1.36,Underutilized
DT0000000119U,29.56,50.0,45.0,65.68,Normal
DT000000116U,13.99,50.0,45.0,31.08,Underutilized
DT0000000126-12U,17.35,25.0,22.5,77.12,Normal
DT000000117BU,2.59,37.5,33.75,7.68,Underutilized
DT0000000126-10U,32.09,75.0,67.5,47.54,Normal
DT0000000126-8BU,13.55,75.0,67.5,20.08,Underutilized
DT0000000126-6U,26.34,37.5,33.75,78.05,Normal
DT0000000125U,12.22,25.0,22.5,54.32,Normal
DT0000000126-8B1U,4.48,37.5,33.75,13.28,Underutilized
DT000000125AU,2.72,10.0,9.0,30.2,Underutilized
DT0000000126-2U,8.59,37.5,33.75,25.44,Underutilized
DT0000000129U,25.87,37.5,33.75,76.67,Normal
DT0000000128-4U,21.68,25.0,22.5,96.36,High Load
DT0000000132-3HU,11.31,50.0,45.0,25.14,Underutilized
DT0000000132-3IU,11.85,50.0,45.0,26.32,Underutilized
DT0000000132-3BU,17.29,37.5,33.75,51.22,Normal
DT0000000134-2U,24.88,50.0,45.0,55.29,Normal
DT0000000137U,6.81,15.0,13.5,50.43,Normal
DT0000000132-9U,12.53,75.0,67.5,18.56,Underutilized
DT0000000132-14U,19.34,75.0,67.5,28.66,Underutilized
DT0000000108-12bU,23.11,75.0,67.5,34.24,Underutilized
DT0000000108-10U,20.73,75.0,67.5,30.7,Underutilized
DT0000000108-12fU,15.22,75.0,67.5,22.55,Underutilized
DT0000000108-12hU,0.18,10.0,9.0,2.02,Underutilized
DT0000000108-20U,19.34,50.0,45.0,42.97,Normal
DT0000000108-20CU,14.39,25.0,22.5,63.96,Normal
DT0000000108-20OU,9.83,15.0,13.5,72.82,Normal
DT0000000092-7U,45.82,25.0,22.5,203.65,Overloaded
DT0000000108-24U,0.0,75.0,67.5,0.0,Underutilized
DT0000000108-21bU,4.26,15.0,13.5,31.54,Underutilized
DT0000000108-24AU,0.1,15.0,13.5,0.76,Underutilized
DT0000000090U,19.5,37.5,33.75,57.78,Normal
DT0000000094U,1.17,10.0,9.0,13.03,Underutilized
DT0000000045U,10.46,25.0,22.5,46.5,Normal
DT0000000091U,7.81,25.0,22.5,34.72,Underutilized
DT0000000054U,27.7,25.0,22.5,123.1,Overloaded
DT0000000065U,6.65,25.0,22.5,29.55,Underutilized
DT0000000073U,5.05,25.0,22.5,22.43,Underutilized
DT0000000100-6U,9.06,10.0,9.0,100.7,Overloaded
DT0000000100-28U,4.59,15.0,13.5,34.02,Underutilized
DT0000000100-30iU,10.09,15.0,13.5,74.76,Normal
DT0000000100-16U,4.36,25.0,22.5,19.38,Underutilized
DT0000000100-20U,1.08,10.0,9.0,12.05,Underutilized
DT0000000100-13arU,15.61,25.0,22.5,69.39,Normal
DT0000000100-42U,6.88,10.0,9.0,76.43,Normal
DT0000000100-58U,5.84,15.0,13.5,43.25,Normal
DT0000000100-39hU,5.11,10.0,9.0,56.8,Normal
DT0000000100-74U,4.31,15.0,13.5,31.96,Underutilized
DT0000000100-79U,15.25,15.0,13.5,113.0,Overloaded
DT0000000100-66U,5.72,10.0,9.0,63.6,Normal
DT0000000100-43U,0.34,10.0,9.0,3.8,Underutilized
DT0000000130-16U,3.94,37.5,33.75,11.68,Underutilized
DT0000000130-31-4U,5.44,10.0,9.0,60.42,Normal
DT0000000130-49U,3.23,25.0,22.5,14.35,Underutilized
DT0000000130-31U,5.83,50.0,45.0,12.96,Underutilized
DT0000000130-53-8U,7.3,10.0,9.0,81.06,High Load
DT0000000130-70U,6.37,25.0,22.5,28.31,Underutilized
DT0000000130-63U,6.34,25.0,22.5,28.16,Underutilized
DT0000000130-56-4U,5.68,10.0,9.0,63.15,Normal
DT0000000100-72MU,7.24,10.0,9.0,80.4,High Load
DT0000000100-72YU,9.91,15.0,13.5,73.43,Normal
DT0000000130-88U,38.71,50.0,45.0,86.03,High Load
DT0000000054-20U,3.47,15.0,13.5,25.71,Underutilized
DT0000000100-39XU,3.75,10.0,9.0,41.7,Normal
DT0000000130-98U,16.52,10.0,9.0,183.59,Overloaded
DT0000000100-71-3U,8.4,10.0,9.0,93.32,High Load
DT0000000072-7U,0.2,10.0,9.0,2.18,Underutilized
DT0000000044-29U,8.59,25.0,22.5,38.17,Underutilized
DT0000000130-88A-18U,3.72,15.0,13.5,27.58,Underutilized
DT0000000130-53-20FU,0.23,10.0,9.0,2.5,Underutilized
DT0000000130-53-24U,6.84,15.0,13.5,50.64,Normal
DT0000000100-13ag6U,9.95,10.0,9.0,110.55,Overloaded
DT0000000130-56-12U,4.15,10.0,9.0,46.16,Normal
DT0000000100-55-4U,4.56,10.0,9.0,50.69,Normal
DT0000000100-85U,10.6,10.0,9.0,117.76,Overloaded
DT0000000100-13mU,14.81,10.0,9.0,164.5,Overloaded
DT0000000100-13bjU,4.7,10.0,9.0,52.21,Normal
DT0000000095-7U,1.4,15.0,13.5,10.37,Underutilized
DT0000000049-3U,1.08,15.0,13.5,7.98,Underutilized
DT0000000044-64U,0.72,15.0,13.5,5.35,Underutilized
DT0000000016-13U,10.82,15.0,13.5,80.13,High Load
DT0000000038U,4.74,15.0,13.5,35.11,Underutilized
DT0000000092-2U,1.39,10.0,9.0,15.44,Underutilized
DT0000000099U,0.47,10.0,9.0,5.2,Underutilized
DT0000000100-1U,4.65,25.0,22.5,20.68,Underutilized
DT0000000108-5U,0.27,10.0,9.0,2.96,Underutilized
DT0000000108-7AU,1.36,10.0,9.0,15.09,Underutilized
DT0000000132-3DU,10.95,50.0,45.0,24.34,Underutilized
DT000000111AU,0.64,10.0,9.0,7.07,Underutilized
DT0000000126-8AU,1.1,10.0,9.0,12.27,Underutilized
DT000000121AU,0.84,10.0,9.0,9.38,Underutilized
DT0000000111U,0.25,10.0,9.0,2.74,Underutilized
DT0000000100-50U,0.36,10.0,9.0,4.04,Underutilized
DT0000000100-2U,0.0,15.0,13.5,0.0,Underutilized
DT0000000108-18U,0.86,10.0,9.0,9.53,Underutilized
DT0000000049U,1.23,10.0,9.0,13.64,Underutilized
DT0000000108-8U,0.13,10.0,9.0,1.44,Underutilized
DT0000000108-11U,0.24,25.0,22.5,1.07,Underutilized
DT0000000092U,1.58,25.0,22.5,7.0,Underutilized
DT000000091AU,0.33,10.0,9.0,3.68,Underutilized
DT0000000100-7U,1.8,10.0,9.0,19.95,Underutilized
DT0000000130-20U,0.78,10.0,9.0,8.64,Underutilized
DT000000115CU,15.76,75.0,67.5,23.35,Underutilized
DT000000094AU,40.46,25.0,22.5,179.82,Overloaded
DT0000000130-25U,0.13,10.0,9.0,1.44,Underutilized
DT0000000108-19U,43.64,37.5,33.75,129.3,Overloaded
DT0000000092-8U,0.0,10.0,9.0,0.0,Underutilized
DT000000100AU,5.05,10.0,9.0,56.15,Normal
DT0000000130-117U,50.95,25.0,22.5,226.46,Overloaded
DT000000115AU,10.26,37.5,33.75,30.4,Underutilized
DT0000000132-3D1U,13.9,50.0,45.0,30.89,Underutilized
DT0000000122U,3.98,10.0,9.0,44.18,Normal
DT0000000100-6AU,0.08,10.0,9.0,0.87,Underutilized
DT0000000108-7U,0.23,10.0,9.0,2.6,Underutilized
DT0000000092-5U,0.75,25.0,22.5,3.35,Underutilized
DT0000000108-24-1U,30.28,50.0,45.0,67.29,Normal
DT0000000025U,8.84,25.0,22.5,39.28,Underutilized
DT0000000034-7AU,3.05,15.0,13.5,22.56,Underutilized
DT0000000034-9aU,7.14,15.0,13.5,52.88,Normal
DT0000000015U,7.47,15.0,13.5,55.34,Normal
DT00000001-17U,38.0,50.0,45.0,84.45,High Load
DT00000001-19-10U,1.68,15.0,13.5,12.42,Underutilized
DT00000001-19-38U,7.34,15.0,13.5,54.39,Normal
DT0000000009U,5.32,15.0,13.5,39.43,Underutilized
DT00000001-9U,0.13,10.0,9.0,1.49,Underutilized
DT0000000013U,0.0,10.0,9.0,0.0,Underutilized
DT00000001-7AU,3.52,10.0,9.0,39.13,Underutilized
DT00000001-7U,0.22,10.0,9.0,2.41,Underutilized
DT0000000100-72Q8cU,2.64,10.0,9.0,29.29,Underutilized
DT0000000130-53-38U,11.15,15.0,13.5,82.61,High Load
DT0000000130-53-44U,3.86,10.0,9.0,42.94,Normal
DT0000000100-13ax15U,0.82,10.0,9.0,9.15,Underutilized
DT0000000130-31-9U,7.33,10.0,9.0,81.47,High Load
DT0000000034-29U,0.42,15.0,13.5,3.1,Underutilized
DT0000000046-22U,7.52,15.0,13.5,55.69,Normal
DT0000000108-58AAU,3.4,10.0,9.0,37.79,Underutilized
DT0000000108-58MU,4.46,25.0,22.5,19.81,Underutilized
DT0000000108-58AVU,4.07,15.0,13.5,30.15,Underutilized
DT0000000108-33U,11.01,15.0,13.5,81.55,High Load
DT0000000108-59jU,10.94,15.0,13.5,81.02,High Load
DT0000000108-60U,4.82,15.0,13.5,35.74,Underutilized
DT0000000108-59fU,8.42,10.0,9.0,93.61,High Load
DT0000000108-45U,14.9,37.5,33.75,44.14,Normal
DT0000000108-59U,12.92,15.0,13.5,95.72,High Load
DT0000000108-58R11U,6.1,10.0,9.0,67.74,Normal
DT0000000108-45HU,2.94,15.0,13.5,21.76,Underutilized
DT0000000108-58AN9U,0.59,15.0,13.5,4.36,Underutilized
DT0000000108-58AO4U,0.4,15.0,13.5,2.95,Underutilized
DT0000000117U,3.07,37.5,33.75,9.1,Underutilized
DT0000000132U,2.72,15.0,13.5,20.12,Underutilized
